number,signed_margin,fav_spread,distance,n_bucket,empirical_rate,baseline_rate,excess_rate
1,1,1.0,0.0,218,0.03211009174311927,0.02147366014281559,0.010636431600303677
1,1,1.5,0.5,102,0.049019607843137254,0.013108369719165269,0.035911238123971984
1,1,2.0,1.0,107,0.018691588785046728,0.012388157394991557,0.00630343139005517
1,1,2.5,1.5,420,0.02619047619047619,0.018715453727162268,0.007475022463313923
1,1,3.0,2.0,784,0.02295918367346939,0.027686108485673207,-0.0047269248122038185
1,1,3.5,2.5,517,0.02127659574468085,0.034221513575528356,-0.012944917830847506
1,1,4.0,3.0,248,0.012096774193548387,0.03561914300311953,-0.023522368809571145
1,1,4.5,3.5,189,0.015873015873015872,0.034987052398314525,-0.019114036525298653
1,1,5.0,4.0,115,0.02608695652173913,0.03348332335761977,-0.0073963668358806405
1,1,5.5,4.5,213,0.03755868544600939,0.03200456592984659,0.005554119516162803
1,1,6.0,5.0,242,0.04132231404958678,0.03136256558377888,0.009959748465807897
1,1,6.5,5.5,239,0.02510460251046025,0.03130372006490722,-0.006199117554446968
1,1,7.0,6.0,337,0.02967359050445104,0.03145652379141701,-0.0017829332869659688
1,1,7.5,6.5,230,0.021739130434782608,0.031034793108834672,-0.009295662674052064
1,1,8.0,7.0,56,0.0,0.030150350893919736,-0.030150350893919736
1,1,8.5,7.5,58,0.0,0.02890727537785573,-0.02890727537785573
1,1,9.0,8.0,109,0.01834862385321101,0.02712880090098111,-0.0087801770477701
1,1,9.5,8.5,129,0.031007751937984496,0.026437075290944984,0.0045706766470395115
1,1,10.0,9.0,163,0.018404907975460124,0.025565935930599654,-0.00716102795513953
1,1,10.5,9.5,108,0.009259259259259259,0.024644225556696573,-0.015384966297437314
1,1,11.0,10.0,58,0.034482758620689655,0.02379166196242199,0.010691096658267663
1,1,12.5,11.5,35,0.0,0.020969803655340506,-0.020969803655340506
1,1,13.0,12.0,59,0.0,0.02007660025571636,-0.02007660025571636
1,1,13.5,12.5,50,0.02,0.019065938980793465,0.0009340610192065356
1,1,14.0,13.0,79,0.0,0.01828017089716197,-0.01828017089716197
1,-1,1.0,2.0,218,0.022935779816513763,0.021107260512980328,0.0018285193035334352
1,-1,1.5,2.5,102,0.0392156862745098,0.0129991105510399,0.0262165757234699
1,-1,2.0,3.0,107,0.028037383177570093,0.012325972176643118,0.015711411000926975
1,-1,2.5,3.5,420,0.02857142857142857,0.018450339625439866,0.010121088945988704
1,-1,3.0,4.0,784,0.016581632653061226,0.026751228152562187,-0.010169595499500961
1,-1,3.5,4.5,517,0.027079303675048357,0.03234446117993583,-0.005265157504887472
1,-1,4.0,5.0,248,0.036290322580645164,0.033193545832828734,0.0030967767478164293
1,-1,4.5,5.5,189,0.010582010582010581,0.03234516598236397,-0.02176315540035339
1,-1,5.0,6.0,115,0.02608695652173913,0.030870312759005644,-0.0047833562372665145
1,-1,5.5,6.5,213,0.03286384976525822,0.02944476935575683,0.003419080409501389
1,-1,6.0,7.0,242,0.024793388429752067,0.02864861344645005,-0.0038552250166979836
1,-1,6.5,7.5,239,0.02092050209205021,0.02825019066971703,-0.0073296885776668215
1,-1,7.0,8.0,337,0.011869436201780416,0.027917259370048,-0.016047823168267583
1,-1,7.5,8.5,230,0.017391304347826087,0.02715534893271728,-0.009764044584891194
1,-1,8.0,9.0,56,0.0,0.026140843082292198,-0.026140843082292198
1,-1,8.5,9.5,58,0.034482758620689655,0.025002733814511166,0.009480024806178489
1,-1,9.0,10.0,109,0.0,0.023652842372347372,-0.023652842372347372
1,-1,9.5,10.5,129,0.015503875968992248,0.022786447213763137,-0.007282571244770889
1,-1,10.0,11.0,163,0.006134969325153374,0.021868611873175375,-0.015733642548022002
1,-1,10.5,11.5,108,0.0,0.02091909032785359,-0.02091909032785359
1,-1,11.0,12.0,58,0.0,0.020019947831078647,-0.020019947831078647
1,-1,12.5,13.5,35,0.0,0.01729905914924122,-0.01729905914924122
1,-1,13.0,14.0,59,0.0,0.016617803485227147,-0.016617803485227147
1,-1,13.5,14.5,50,0.02,0.01552474854538484,0.004475251454615161
1,-1,14.0,15.0,79,0.012658227848101266,0.014855444863753462,-0.002197217015652196
2,2,1.0,1.0,218,0.01834862385321101,0.021380660307776647,-0.003032036454565637
2,2,1.5,0.5,102,0.058823529411764705,0.013108369719165269,0.045715159692599434
2,2,2.0,0.0,107,0.037383177570093455,0.012395965689855095,0.02498721188023836
2,2,2.5,0.5,420,0.03333333333333333,0.018769070363256472,0.01456426297007686
2,2,3.0,1.0,784,0.03826530612244898,0.02792582107801769,0.010339485044431291
2,2,3.5,1.5,517,0.01160541586073501,0.034778653482876225,-0.023173237622141213
2,2,4.0,2.0,248,0.016129032258064516,0.03641428547585825,-0.020285253217793738
2,2,4.5,2.5,189,0.010582010582010581,0.035916209188876794,-0.025334198606866212
2,2,5.0,3.0,115,0.008695652173913044,0.03445022520284431,-0.02575457302893127
2,2,5.5,3.5,213,0.004694835680751174,0.03299048751438464,-0.028295651833633466
2,2,6.0,4.0,242,0.02066115702479339,0.03244649214347365,-0.011785335118680261
2,2,6.5,4.5,239,0.016736401673640166,0.03256566627357218,-0.015829264599932013
2,2,7.0,5.0,337,0.02373887240356083,0.0329687059073115,-0.009229833503750666
2,2,7.5,5.5,230,0.0391304347826087,0.03274051940875181,0.006389915373856886
2,2,8.0,6.0,56,0.017857142857142856,0.031952783312704305,-0.01409564045556145
2,2,8.5,6.5,58,0.0,0.030689216370283382,-0.030689216370283382
2,2,9.0,7.0,109,0.01834862385321101,0.02872712493440901,-0.010378501081198001
2,2,9.5,7.5,129,0.007751937984496124,0.028148338609540673,-0.02039640062504455
2,2,10.0,8.0,163,0.049079754601226995,0.02732484858681784,0.021754906014409155
2,2,10.5,8.5,108,0.027777777777777776,0.02644231845914158,0.001335459318636198
2,2,11.0,9.0,58,0.0,0.02563581742979389,-0.02563581742979389
2,2,12.5,10.5,35,0.02857142857142857,0.022826131435534722,0.005745297135893848
2,2,13.0,11.0,59,0.05084745762711865,0.02183172692033713,0.02901573070678152
2,2,13.5,11.5,50,0.04,0.02089803451671002,0.01910196548328998
2,2,14.0,12.0,79,0.0,0.020058446674693385,-0.020058446674693385
2,-2,1.0,3.0,218,0.03669724770642202,0.02066933282700752,0.0160279148794145
2,-2,1.5,3.5,102,0.0392156862745098,0.01289229354563673,0.026323392728873074
2,-2,2.0,4.0,107,0.018691588785046728,0.012271967131998284,0.006419621653048444
2,-2,2.5,4.5,420,0.014285714285714285,0.018241759042171467,-0.003956044756457182
2,-2,3.0,5.0,784,0.02040816326530612,0.02607447895106653,-0.005666315685760408
2,-2,3.5,5.5,517,0.02127659574468085,0.031070351716158757,-0.009793755971477906
2,-2,4.0,6.0,248,0.024193548387096774,0.03162578792931436,-0.0074322395422175835
2,-2,4.5,6.5,189,0.037037037037037035,0.030698704678278215,0.00633833235875882
2,-2,5.0,7.0,115,0.0,0.029284197582863086,-0.029284197582863086
2,-2,5.5,7.5,213,0.004694835680751174,0.027925055311366506,-0.023230219630615334
2,-2,6.0,8.0,242,0.02066115702479339,0.02707490298453339,-0.006413745959740001
2,-2,6.5,8.5,239,0.008368200836820083,0.026523325808441633,-0.01815512497162155
2,-2,7.0,9.0,337,0.026706231454005934,0.025968470685347914,0.0007377607686580197
2,-2,7.5,9.5,230,0.004347826086956522,0.02506838239496866,-0.020720556308012138
2,-2,8.0,10.0,56,0.03571428571428571,0.024020895849379824,0.011693389864905888
2,-2,8.5,10.5,58,0.0,0.022959589211706457,-0.022959589211706457
2,-2,9.0,11.0,109,0.009174311926605505,0.02183866411468122,-0.012664352188075715
2,-2,9.5,11.5,129,0.015503875968992248,0.020912877371820668,-0.00540900140282842
2,-2,10.0,12.0,163,0.018404907975460124,0.019994394505485992,-0.001589486530025868
2,-2,10.5,12.5,108,0.009259259259259259,0.01905425591023863,-0.009794996650979371
2,-2,11.0,13.0,58,0.0,0.018152926280047867,-0.018152926280047867
2,-2,12.5,14.5,35,0.0,0.015535083534280344,-0.015535083534280344
2,-2,13.0,15.0,59,0.01694915254237288,0.014958285866297867,0.0019908666760750145
2,-2,13.5,15.5,50,0.0,0.01385738777723009,-0.01385738777723009
2,-2,14.0,16.0,79,0.0,0.013247687694912271,-0.013247687694912271
3,3,1.0,2.0,218,0.06880733944954129,0.021107260512980328,0.04770007893656096
3,3,1.5,1.5,102,0.10784313725490197,0.013071673873712828,0.09477146338118914
3,3,2.0,1.0,107,0.08411214953271028,0.012388157394991557,0.07172399213771871
3,3,2.5,0.5,420,0.08095238095238096,0.018769070363256472,0.062183310589124484
3,3,3.0,0.0,784,0.08801020408163265,0.028006268914784433,0.060003935166848224
3,3,3.5,0.5,517,0.09284332688588008,0.03506080098510674,0.05778252590077334
3,3,4.0,1.0,248,0.08870967741935484,0.03690019188444165,0.05180948553491319
3,3,4.5,1.5,189,0.1164021164021164,0.03654971817283962,0.07985239822927678
3,3,5.0,2.0,115,0.09565217391304348,0.03515824861275445,0.060493925300289034
3,3,5.5,2.5,213,0.0892018779342723,0.0337501308588002,0.055451747075472096
3,3,6.0,3.0,242,0.06611570247933884,0.033315834719968004,0.03279986775937084
3,3,6.5,3.5,239,0.08368200836820083,0.033612374115762865,0.05006963425243797
3,3,7.0,4.0,337,0.09495548961424333,0.03426073290604181,0.060694756708201514
3,3,7.5,4.5,230,0.05652173913043478,0.03423471730581927,0.022287021824615512
3,3,8.0,5.0,56,0.017857142857142856,0.03356321898491416,-0.015706076127771307
3,3,8.5,5.5,58,0.017241379310344827,0.03230478750110323,-0.015063408190758402
3,3,9.0,6.0,109,0.05504587155963303,0.03018997267326293,0.0248558988863701
3,3,9.5,6.5,129,0.10077519379844961,0.02973851881824418,0.07103667498020544
3,3,10.0,7.0,163,0.08588957055214724,0.028979172501087218,0.056910398051060025
3,3,10.5,7.5,108,0.08333333333333333,0.028153162783141922,0.05518017055019141
3,3,11.0,8.0,58,0.06896551724137931,0.02740838977931861,0.041557127462060695
3,3,12.5,9.5,35,0.02857142857142857,0.024657926559256343,0.003913502012172228
3,3,13.0,10.0,59,0.05084745762711865,0.0235701676558017,0.027277289971316947
3,3,13.5,10.5,50,0.08,0.022737506843118437,0.05726249315688156
3,3,14.0,11.0,79,0.10126582278481013,0.021849496982355113,0.07941632580245502
3,-3,1.0,4.0,218,0.05045871559633028,0.020090522475791663,0.030368193120538615
3,-3,1.5,4.5,102,0.049019607843137254,0.012753539697566284,0.03626606814557097
3,-3,2.0,5.0,107,0.09345794392523364,0.012203084218367563,0.08125485970686608
3,-3,2.5,5.5,420,0.06666666666666667,0.017985332040638836,0.04868133462602783
3,-3,3.0,6.0,784,0.08673469387755102,0.025274622730876377,0.06146007114667464
3,-3,3.5,6.5,517,0.0851063829787234,0.02961091673177907,0.05549546624694433
3,-3,4.0,7.0,248,0.06048387096774194,0.029871390540456892,0.030612480427285045
3,-3,4.5,7.5,189,0.07407407407407407,0.028886306876493115,0.045187767197580955
3,-3,5.0,8.0,115,0.06956521739130435,0.027556871490572902,0.04200834590073145
3,-3,5.5,8.5,213,0.06103286384976526,0.026285460525960008,0.03474740332380525
3,-3,6.0,9.0,242,0.06198347107438017,0.025397278218360637,0.03658619285601953
3,-3,6.5,9.5,239,0.04184100418410042,0.024708366776138337,0.01713263740796208
3,-3,7.0,10.0,337,0.05341246290801187,0.02395323793306788,0.02945922497494399
3,-3,7.5,10.5,230,0.05652173913043478,0.02294018843536881,0.03358155069506597
3,-3,8.0,11.0,56,0.03571428571428571,0.02188011046882749,0.013834175245458224
3,-3,8.5,11.5,58,0.05172413793103448,0.020906360243154985,0.030817777687879497
3,-3,9.0,12.0,109,0.07339449541284404,0.020014034920850635,0.05338046049199341
3,-3,9.5,12.5,129,0.05426356589147287,0.019047910883455327,0.03521565500801754
3,-3,10.0,13.0,163,0.03067484662576687,0.018142215207749224,0.012532631418017647
3,-3,10.5,13.5,108,0.046296296296296294,0.017224983733575863,0.02907131256272043
3,-3,11.0,14.0,58,0.034482758620689655,0.016333927012340786,0.01814883160834887
3,-3,12.5,15.5,35,0.05714285714285714,0.013846533514155655,0.043296323628701484
3,-3,13.0,16.0,59,0.0,0.013369658219043155,-0.013369658219043155
3,-3,13.5,16.5,50,0.02,0.012280452843268744,0.007719547156731257
3,-3,14.0,17.0,79,0.02531645569620253,0.011729662674988914,0.013586793021213617
4,4,1.0,3.0,218,0.01834862385321101,0.02066933282700752,-0.00232070897379651
4,4,1.5,2.5,102,0.029411764705882353,0.0129991105510399,0.01641265415484245
4,4,2.0,2.0,107,0.009345794392523364,0.012364779473952578,-0.003018985081429214
4,4,2.5,1.5,420,0.02619047619047619,0.018715453727162268,0.007475022463313923
4,4,3.0,1.0,784,0.026785714285714284,0.02792582107801769,-0.0011401067923034053
4,4,3.5,0.5,517,0.0367504835589942,0.03506080098510674,0.0016896825738874563
4,4,4.0,0.0,248,0.024193548387096774,0.037063652204216396,-0.012870103817119623
4,4,4.5,0.5,189,0.031746031746031744,0.03687077275229533,-0.005124741006263589
4,4,5.0,1.0,115,0.034782608695652174,0.03559016242914808,-0.0008075537334959054
4,4,5.5,1.5,213,0.046948356807511735,0.034266408181056,0.012681948626455733
4,4,6.0,2.0,242,0.028925619834710745,0.03395126685529335,-0.005025647020582606
4,4,6.5,2.5,239,0.03347280334728033,0.03441979533811907,-0.0009469919908387386
4,4,7.0,3.0,337,0.026706231454005934,0.03530110917017003,-0.008594877716164094
4,4,7.5,3.5,230,0.030434782608695653,0.035479951696312746,-0.005045169087617093
4,4,8.0,4.0,56,0.03571428571428571,0.03494202789039892,0.0007722578238867905
4,4,8.5,4.5,58,0.034482758620689655,0.033716627953470996,0.0007661306672186591
4,4,9.0,5.0,109,0.06422018348623854,0.03148705404676537,0.032733129439473166
4,4,9.5,5.5,129,0.015503875968992248,0.03117455648821634,-0.015670680519224094
4,4,10.0,6.0,163,0.012269938650306749,0.030495410491813407,-0.018225471841506656
4,4,10.5,6.5,108,0.037037037037037035,0.029742922125950685,0.00729411491108635
4,4,11.0,7.0,58,0.017241379310344827,0.02907534574648153,-0.011833966436136701
4,4,12.5,8.5,35,0.05714285714285714,0.026433644372743585,0.030709212770113556
4,4,13.0,9.0,59,0.03389830508474576,0.025264036933698955,0.008634268151046808
4,4,13.5,9.5,50,0.02,0.024555408326469498,-0.004555408326469498
4,4,14.0,10.0,79,0.0379746835443038,0.023626509406480024,0.014348174137823775
4,-4,1.0,5.0,218,0.03211009174311927,0.019398898708303244,0.012711193034816024
4,-4,1.5,5.5,102,0.029411764705882353,0.012585753691412092,0.01682601101447026
4,-4,2.0,6.0,107,0.018691588785046728,0.012119727283750286,0.006571861501296442
4,-4,2.5,6.5,420,0.03571428571428571,0.017683787046778292,0.01803049866750742
4,-4,3.0,7.0,784,0.01913265306122449,0.024366447359832722,-0.005233794298608232
4,-4,3.5,7.5,517,0.013539651837524178,0.027999105785249803,-0.014459453947725624
4,-4,4.0,8.0,248,0.008064516129032258,0.02797163257577041,-0.019907116446738152
4,-4,4.5,8.5,189,0.010582010582010581,0.0269491302395957,-0.016367119657585118
4,-4,5.0,9.0,115,0.02608695652173913,0.025724264728085436,0.00036269179365369317
4,-4,5.5,9.5,213,0.03286384976525822,0.024557381376306968,0.00830646838895125
4,-4,6.0,10.0,242,0.008264462809917356,0.02364694222302945,-0.015382479413112094
4,-4,6.5,10.5,239,0.012552301255230125,0.022839220049510826,-0.010286918794280701
4,-4,7.0,11.0,337,0.017804154302670624,0.0219098773393888,-0.004105723036718176
4,-4,7.5,11.5,230,0.02608695652173913,0.020810640689889238,0.005276315831849891
4,-4,8.0,12.0,56,0.017857142857142856,0.019756841454301243,-0.001899698597158387
4,-4,8.5,12.5,58,0.0,0.018877379462191073,-0.018877379462191073
4,-4,9.0,13.0,109,0.009174311926605505,0.01820653499670541,-0.009032223070099904
4,-4,9.5,13.5,129,0.007751937984496124,0.01721864485900798,-0.009466706874511857
4,-4,10.0,14.0,163,0.018404907975460124,0.016337548031022994,0.0020673599444371304
4,-4,10.5,14.5,108,0.009259259259259259,0.015454879265404682,-0.006195620006145423
4,-4,11.0,15.0,58,0.017241379310344827,0.01458508739585818,0.0026562919144866477
4,-4,12.5,16.5,35,0.0,0.012249541850539086,-0.012249541850539086
4,-4,13.0,17.0,59,0.0,0.011866003435489617,-0.011866003435489617
4,-4,13.5,17.5,50,0.02,0.010805445052976214,0.009194554947023786
4,-4,14.0,18.0,79,0.012658227848101266,0.010311950525501915,0.002346277322599351
5,5,1.0,4.0,218,0.03211009174311927,0.020090522475791663,0.012019569267327605
5,5,1.5,3.5,102,0.0392156862745098,0.01289229354563673,0.026323392728873074
5,5,2.0,3.0,107,0.04672897196261682,0.012325972176643118,0.034402999785973706
5,5,2.5,2.5,420,0.02857142857142857,0.01860881690348901,0.009962611667939561
5,5,3.0,2.0,784,0.021683673469387755,0.027686108485673207,-0.0060024350162854526
5,5,3.5,1.5,517,0.03481624758220503,0.034778653482876225,3.759409932880403e-05
5,5,4.0,1.0,248,0.024193548387096774,0.03690019188444165,-0.012706643497344877
5,5,4.5,0.5,189,0.021164021164021163,0.03687077275229533,-0.01570675158827417
5,5,5.0,0.0,115,0.008695652173913044,0.03573533206014476,-0.027039679886231717
5,5,5.5,0.5,213,0.028169014084507043,0.03452754795604475,-0.006358533871537706
5,5,6.0,1.0,242,0.028925619834710745,0.034338429504331275,-0.00541280966962053
5,5,6.5,1.5,239,0.02510460251046025,0.034969002565981004,-0.009864400055520754
5,5,7.0,2.0,337,0.020771513353115726,0.03606382937754074,-0.015292316024425014
5,5,7.5,2.5,230,0.021739130434782608,0.03644406814057678,-0.014704937705794174
5,5,8.0,3.0,56,0.017857142857142856,0.0360541132556949,-0.018196970398552045
5,5,8.5,3.5,58,0.017241379310344827,0.034890907981963364,-0.017649528671618536
5,5,9.0,4.0,109,0.009174311926605505,0.03259053096748806,-0.023416219040882556
5,5,9.5,4.5,129,0.015503875968992248,0.03242534485935624,-0.016921468890363993
5,5,10.0,5.0,163,0.012269938650306749,0.03184146057155231,-0.01957152192124556
5,5,10.5,5.5,108,0.027777777777777776,0.031178560438700122,-0.003400782660922346
5,5,11.0,6.0,58,0.017241379310344827,0.030602955585779773,-0.013361576275434946
5,5,12.5,7.5,35,0.0,0.028120609612837896,-0.028120609612837896
5,5,13.0,8.0,59,0.03389830508474576,0.026884261755179235,0.007014043329566528
5,5,13.5,8.5,50,0.0,0.026320555195995517,-0.026320555195995517
5,5,14.0,9.0,79,0.02531645569620253,0.02536060910809929,-4.415341189675792e-05
5,-5,1.0,6.0,218,0.009174311926605505,0.018623615855660622,-0.009449303929055117
5,-5,1.5,6.5,102,0.0,0.012392289046180487,-0.012392289046180487
5,-5,2.0,7.0,107,0.028037383177570093,0.01202237881348601,0.01601500436408408
5,-5,2.5,7.5,420,0.02142857142857143,0.017340266926522484,0.004088304502048945
5,-5,3.0,8.0,784,0.02295918367346939,0.023366114639891206,-0.00040693096642181736
5,-5,3.5,8.5,517,0.01160541586073501,0.026269672821644035,-0.014664256960909025
5,-5,4.0,9.0,248,0.016129032258064516,0.025968853595439875,-0.009839821337375359
5,-5,4.5,9.5,189,0.021164021164021163,0.024928736897493666,-0.0037647157334725033
5,-5,5.0,10.0,115,0.017391304347826087,0.023822443157626647,-0.006431138809800559
5,-5,5.5,10.5,213,0.018779342723004695,0.02277213662679708,-0.003992793903792386
5,-5,6.0,11.0,242,0.004132231404958678,0.021854562051526274,-0.017722330646567596
5,-5,6.5,11.5,239,0.012552301255230125,0.02094848345360218,-0.008396182198372055
5,-5,7.0,12.0,337,0.005934718100890208,0.01987414454152195,-0.01393942644063174
5,-5,7.5,12.5,230,0.017391304347826087,0.018715928053537948,-0.001324623705711861
5,-5,8.0,13.0,56,0.017857142857142856,0.017685272741844765,0.00017187011529809157
5,-5,8.5,13.5,58,0.034482758620689655,0.01690309184058654,0.017579666780103115
5,-5,9.0,14.0,109,0.0,0.016440833153469638,-0.016440833153469638
5,-5,9.5,14.5,129,0.007751937984496124,0.015448702925372884,-0.00769676494087676
5,-5,10.0,15.0,163,0.006134969325153374,0.014602220215311452,-0.008467250890158078
5,-5,10.5,15.5,108,0.009259259259259259,0.013763728113728802,-0.004504468854469543
5,-5,11.0,16.0,58,0.034482758620689655,0.012924601331822307,0.021558157288867348
5,-5,12.5,17.5,35,0.0,0.01075637320661117,-0.01075637320661117
5,-5,13.0,18.0,59,0.0,0.010458043777922955,-0.010458043777922955
5,-5,13.5,18.5,50,0.0,0.009440266281637216,-0.009440266281637216
5,-5,14.0,19.0,79,0.0,0.00900172928874975,-0.00900172928874975
6,6,1.0,5.0,218,0.05045871559633028,0.019398898708303244,0.031059816888027034
6,6,1.5,4.5,102,0.029411764705882353,0.012753539697566284,0.01665822500831607
6,6,2.0,4.0,107,0.028037383177570093,0.012271967131998284,0.015765416045571808
6,6,2.5,3.5,420,0.030952380952380953,0.018450339625439866,0.012502041326941087
6,6,3.0,3.0,784,0.039540816326530615,0.027291961720934402,0.012248854605596212
6,6,3.5,2.5,517,0.04448742746615087,0.034221513575528356,0.010265913890622515
6,6,4.0,2.0,248,0.056451612903225805,0.03641428547585825,0.02003732742736755
6,6,4.5,1.5,189,0.021164021164021163,0.03654971817283962,-0.015385697008818457
6,6,5.0,1.0,115,0.043478260869565216,0.03559016242914808,0.007888098440417136
6,6,5.5,0.5,213,0.018779342723004695,0.03452754795604475,-0.015748205233040054
6,6,6.0,0.0,242,0.03305785123966942,0.03446847920858031,-0.0014106279689108867
6,6,6.5,0.5,239,0.06276150627615062,0.03524693808084241,0.027514568195308217
6,6,7.0,1.0,337,0.032640949554896145,0.036529473684138586,-0.0038885241292424405
6,6,7.5,1.5,230,0.0391304347826087,0.03710159357897227,0.0020288412036364306
6,6,8.0,2.0,56,0.0,0.03687041308257666,-0.03687041308257666
6,6,8.5,2.5,58,0.10344827586206896,0.035798685464837825,0.06764959039723115
6,6,9.0,3.0,109,0.027522935779816515,0.03347602337875266,-0.0059530875989361465
6,6,9.5,3.5,129,0.03875968992248062,0.033462863719766714,0.005296826202713906
6,6,10.0,4.0,163,0.049079754601226995,0.03298775422710123,0.016092000374125767
6,6,10.5,4.5,108,0.037037037037037035,0.032428990308950995,0.00460804672808604
6,6,11.0,5.0,58,0.017241379310344827,0.03195892269621854,-0.014717543385873715
6,6,12.5,6.5,35,0.02857142857142857,0.02968599252962459,-0.001114563958196018
6,6,13.0,7.0,59,0.03389830508474576,0.02840138816035216,0.005496916924393604
6,6,13.5,7.5,50,0.06,0.028000350038372503,0.03199964996162749
6,6,14.0,8.0,79,0.012658227848101266,0.027021593568223548,-0.014363365720122282
6,-6,1.0,7.0,218,0.027522935779816515,0.017792263016866875,0.00973067276294964
6,-6,1.5,7.5,102,0.049019607843137254,0.012176795743782325,0.03684281209935493
6,-6,2.0,8.0,107,0.028037383177570093,0.011911593665240323,0.01612578951232977
6,-6,2.5,8.5,420,0.02619047619047619,0.016958264862910532,0.00923221132756566
6,-6,3.0,9.0,784,0.03316326530612245,0.02229063390485373,0.01087263140126872
6,-6,3.5,9.5,517,0.019342359767891684,0.024457904177440443,-0.005115544409548759
6,-6,4.0,10.0,248,0.04838709677419355,0.023904889071069822,0.024482207703123725
6,-6,4.5,10.5,189,0.015873015873015872,0.022865626291973834,-0.006992610418957962
6,-6,5.0,11.0,115,0.034782608695652174,0.02188644787307813,0.012896160822574044
6,-6,5.5,11.5,213,0.04225352112676056,0.020960043675246464,0.0212934774515141
6,-6,6.0,12.0,242,0.04132231404958678,0.02004940289174588,0.0212729111578409
6,-6,6.5,12.5,239,0.03765690376569038,0.0190665494391999,0.018590354326490477
6,-6,7.0,13.0,337,0.017804154302670624,0.01787828758934916,-7.413328667853561e-05
6,-6,7.5,13.5,230,0.021739130434782608,0.016687678018128625,0.0050514524166539836
6,-6,8.0,14.0,56,0.03571428571428571,0.015694675251407858,0.020019610462877854
6,-6,8.5,14.5,58,0.017241379310344827,0.015009454450496791,0.0022319248598480362
6,-6,9.0,15.0,109,0.01834862385321101,0.01473824032736442,0.0036103835258465902
6,-6,9.5,15.5,129,0.0,0.01375788136319942,-0.01375788136319942
6,-6,10.0,16.0,163,0.012269938650306749,0.012954144524558824,-0.0006842058742520755
6,-6,10.5,16.5,108,0.018518518518518517,0.012167327737694831,0.006351190780823687
6,-6,11.0,17.0,58,0.034482758620689655,0.01136661746653137,0.023116141154158283
6,-6,12.5,18.5,35,0.0,0.009375533126156235,-0.009375533126156235
6,-6,13.0,19.0,59,0.0,0.009153244266907402,-0.009153244266907402
6,-6,13.5,19.5,50,0.0,0.008189479000876384,-0.008189479000876384
6,-6,14.0,20.0,79,0.0,0.007803007297321443,-0.007803007297321443
7,7,1.0,6.0,218,0.027522935779816515,0.018623615855660622,0.008899319924155893
7,7,1.5,5.5,102,0.058823529411764705,0.012585753691412092,0.04623777572035261
7,7,2.0,5.0,107,0.028037383177570093,0.012203084218367563,0.01583429895920253
7,7,2.5,4.5,420,0.05238095238095238,0.018241759042171467,0.03413919333878092
7,7,3.0,4.0,784,0.04974489795918367,0.026751228152562187,0.022993669806621486
7,7,3.5,3.5,517,0.05415860735009671,0.03340337552125141,0.020755231828845304
7,7,4.0,3.0,248,0.08064516129032258,0.03561914300311953,0.04502601828720305
7,7,4.5,2.5,189,0.031746031746031744,0.035916209188876794,-0.004170177442845049
7,7,5.0,2.0,115,0.034782608695652174,0.03515824861275445,-0.0003756399171022731
7,7,5.5,1.5,213,0.056338028169014086,0.034266408181056,0.022071619987958084
7,7,6.0,1.0,242,0.05371900826446281,0.034338429504331275,0.019380578760131537
7,7,6.5,0.5,239,0.05439330543933055,0.03524693808084241,0.01914636735848814
7,7,7.0,0.0,337,0.05637982195845697,0.036686041577443554,0.019693780381013416
7,7,7.5,0.5,230,0.0782608695652174,0.03743487349729882,0.04082599606791858
7,7,8.0,1.0,56,0.05357142857142857,0.037369178989130725,0.016202249582297844
7,7,8.5,1.5,58,0.08620689655172414,0.03641710216394545,0.049789794387778696
7,7,9.0,2.0,109,0.09174311926605505,0.03412351872713802,0.05761960053891703
7,7,9.5,2.5,129,0.031007751937984496,0.034263239895245254,-0.003255487957260758
7,7,10.0,3.0,163,0.04294478527607362,0.03390834948500211,0.00903643579107151
7,7,10.5,3.5,108,0.07407407407407407,0.03346620664482862,0.04060786742924545
7,7,11.0,4.0,58,0.06896551724137931,0.033113521992335346,0.035851995249043964
7,7,12.5,5.5,35,0.02857142857142857,0.031097861636398175,-0.002526433064969604
7,7,13.0,6.0,59,0.0847457627118644,0.02978646183568909,0.054959300876175315
7,7,13.5,6.5,50,0.1,0.029561750415881966,0.07043824958411804
7,7,14.0,7.0,79,0.0759493670886076,0.028578781135789343,0.047370585952818255
7,-7,1.0,8.0,218,0.05504587155963303,0.016929213280845793,0.03811665827878724
7,-7,1.5,8.5,102,0.029411764705882353,0.011943065316775147,0.017468699389107206
7,-7,2.0,9.0,107,0.037383177570093455,0.011787992009470519,0.025595185560622936
7,-7,2.5,9.5,420,0.04285714285714286,0.016541555255511018,0.02631558760163184
7,-7,3.0,10.0,784,0.044642857142857144,0.02115734010192288,0.023485517040934264
7,-7,3.5,10.5,517,0.05029013539651837,0.022598415854564447,0.027691719541953926
7,-7,4.0,11.0,248,0.036290322580645164,0.02181965790810748,0.014470664672537683
7,-7,4.5,11.5,189,0.06349206349206349,0.020797932888918496,0.04269413060314499
7,-7,5.0,12.0,115,0.0,0.01994926429353863,-0.01994926429353863
7,-7,5.5,12.5,213,0.014084507042253521,0.019149600724397906,-0.005065093682144384
7,-7,6.0,13.0,242,0.03305785123966942,0.01825858177050863,0.014799269469160794
7,-7,6.5,13.5,239,0.02510460251046025,0.017220869785413005,0.007883732725047245
7,-7,7.0,14.0,337,0.011869436201780416,0.015950335124077692,-0.004080898922297276
7,-7,7.5,14.5,230,0.021739130434782608,0.014752368124635774,0.006986762310146834
7,-7,8.0,15.0,56,0.017857142857142856,0.013808955239622155,0.004048187617520701
7,-7,8.5,15.5,58,0.017241379310344827,0.013217582607641979,0.004023796702702849
7,-7,9.0,16.0,109,0.045871559633027525,0.013116433287944889,0.03275512634508264
7,-7,9.5,16.5,129,0.023255813953488372,0.012161979616631565,0.011093834336856807
7,-7,10.0,17.0,163,0.03067484662576687,0.011407229334980624,0.019267617290786247
7,-7,10.5,17.5,108,0.018518518518518517,0.010677489410970978,0.00784102910754754
7,-7,11.0,18.0,58,0.017241379310344827,0.009921300564177697,0.0073200787461671305
7,-7,12.5,19.5,35,0.0,0.0081120005624246,-0.0081120005624246
7,-7,13.0,20.0,59,0.0,0.007956016033089595,-0.007956016033089595
7,-7,13.5,20.5,50,0.02,0.0070546442921451055,0.012945355707854895
7,-7,14.0,21.0,79,0.0,0.006716936687122427,-0.006716936687122427
8,8,1.0,7.0,218,0.009174311926605505,0.017792263016866875,-0.00861795109026137
8,8,1.5,6.5,102,0.0,0.012392289046180487,-0.012392289046180487
8,8,2.0,6.0,107,0.037383177570093455,0.012119727283750286,0.02526345028634317
8,8,2.5,5.5,420,0.02857142857142857,0.017985332040638836,0.010586096530789735
8,8,3.0,5.0,784,0.017857142857142856,0.02607447895106653,-0.008217336093923673
8,8,3.5,4.5,517,0.027079303675048357,0.03234446117993583,-0.005265157504887472
8,8,4.0,4.0,248,0.028225806451612902,0.034536084341637956,-0.006310277890025053
8,8,4.5,3.5,189,0.047619047619047616,0.034987052398314525,0.012631995220733092
8,8,5.0,3.0,115,0.043478260869565216,0.03445022520284431,0.009028035666720904
8,8,5.5,2.5,213,0.023474178403755867,0.0337501308588002,-0.010275952455044333
8,8,6.0,2.0,242,0.03305785123966942,0.03395126685529335,-0.0008934156156239284
8,8,6.5,1.5,239,0.02510460251046025,0.034969002565981004,-0.009864400055520754
8,8,7.0,1.0,337,0.02373887240356083,0.036529473684138586,-0.012790601280577754
8,8,7.5,0.5,230,0.02608695652173913,0.03743487349729882,-0.011347916975559692
8,8,8.0,0.0,56,0.0,0.037536952821704196,-0.037536952821704196
8,8,8.5,0.5,58,0.034482758620689655,0.0367303500447278,-0.002247591424038145
8,8,9.0,1.0,109,0.009174311926605505,0.0345181368163832,-0.025343824889777697
8,8,9.5,1.5,129,0.06201550387596899,0.03480767747928594,0.027207826396683052
8,8,10.0,2.0,163,0.05521472392638037,0.03458192173630536,0.02063280219007501
8,8,10.5,2.5,108,0.009259259259259259,0.03426634738200157,-0.025007088122742313
8,8,11.0,3.0,58,0.034482758620689655,0.0340406909443545,0.0004420676763351519
8,8,12.5,4.5,35,0.0,0.03232626667389185,-0.03232626667389185
8,8,13.0,5.0,59,0.0,0.031011946785716445,-0.031011946785716445
8,8,13.5,5.5,50,0.02,0.03097234777422312,-0.01097234777422312
8,8,14.0,6.0,79,0.0379746835443038,0.03000194183391504,0.00797274171038876
8,-8,1.0,9.0,218,0.009174311926605505,0.01605492020997168,-0.006880608283366174
8,-8,1.5,9.5,102,0.029411764705882353,0.0116948835552722,0.017716881150610153
8,-8,2.0,10.0,107,0.06542056074766354,0.011652251627492151,0.053768309120171394
8,-8,2.5,10.5,420,0.014285714285714285,0.016094121767756306,-0.0018084074820420206
8,-8,3.0,11.0,784,0.012755102040816327,0.01998339978513914,-0.007228297744322813
8,-8,3.5,11.5,517,0.009671179883945842,0.020724076451130006,-0.011052896567184164
8,-8,4.0,12.0,248,0.012096774193548387,0.019749963456146387,-0.007653189262598
8,-8,4.5,12.5,189,0.021164021164021163,0.01876034286951541,0.0024036782945057525
8,-8,5.0,13.0,115,0.008695652173913044,0.01804095992639128,-0.009345307752478235
8,-8,5.5,13.5,213,0.018779342723004695,0.017366803129349583,0.001412539593655112
8,-8,6.0,14.0,242,0.012396694214876033,0.016506464165065637,-0.004109769950189603
8,-8,6.5,14.5,239,0.008368200836820083,0.015435401248223337,-0.007067200411403254
8,-8,7.0,15.0,337,0.005934718100890208,0.014113631360559395,-0.008178913259669187
8,-8,7.5,15.5,230,0.0,0.012931024089608119,-0.012931024089608119
8,-8,8.0,16.0,56,0.0,0.012046483734103384,-0.012046483734103384
8,-8,8.5,16.5,58,0.0,0.011543632498448777,-0.011543632498448777
8,-8,9.0,17.0,109,0.0,0.011589342637605995,-0.011589342637605995
8,-8,9.5,17.5,129,0.007751937984496124,0.01067280171378311,-0.002920863729286986
8,-8,10.0,18.0,163,0.006134969325153374,0.009971449718608558,-0.003836480393455184
8,-8,10.5,18.5,108,0.027777777777777776,0.00930218934207062,0.018475588435707156
8,-8,11.0,19.0,58,0.017241379310344827,0.008595033460855547,0.00864634584948928
8,-8,12.5,20.5,35,0.0,0.0069675576870835,-0.0069675576870835
8,-8,13.0,21.0,59,0.0,0.00686799826349106,-0.00686799826349106
8,-8,13.5,21.5,50,0.02,0.00603471232329637,0.01396528767670363
8,-8,14.0,22.0,79,0.0,0.005742183130038779,-0.005742183130038779
9,9,1.0,8.0,218,0.0045871559633027525,0.016929213280845793,-0.01234205731754304
9,9,1.5,7.5,102,0.00980392156862745,0.012176795743782325,-0.0023728741751548738
9,9,2.0,7.0,107,0.009345794392523364,0.01202237881348601,-0.002676584420962646
9,9,2.5,6.5,420,0.014285714285714285,0.017683787046778292,-0.003398072761064007
9,9,3.0,6.0,784,0.00510204081632653,0.025274622730876377,-0.020172581914549848
9,9,3.5,5.5,517,0.007736943907156673,0.031070351716158757,-0.023333407809002085
9,9,4.0,5.0,248,0.016129032258064516,0.033193545832828734,-0.01706451357476422
9,9,4.5,4.5,189,0.005291005291005291,0.03378649921857869,-0.028495493927573397
9,9,5.0,4.0,115,0.008695652173913044,0.03348332335761977,-0.024787671183706728
9,9,5.5,3.5,213,0.014084507042253521,0.03299048751438464,-0.018905980472131115
9,9,6.0,3.0,242,0.004132231404958678,0.033315834719968004,-0.029183603315009327
9,9,6.5,2.5,239,0.012552301255230125,0.03441979533811907,-0.021867494082888947
9,9,7.0,2.0,337,0.005934718100890208,0.03606382937754074,-0.030129111276650532
9,9,7.5,1.5,230,0.008695652173913044,0.03710159357897227,-0.028405941405059226
9,9,8.0,1.0,56,0.0,0.037369178989130725,-0.037369178989130725
9,9,8.5,0.5,58,0.0,0.0367303500447278,-0.0367303500447278
9,9,9.0,0.0,109,0.0,0.03465070858018848,-0.03465070858018848
9,9,9.5,0.5,129,0.007751937984496124,0.03508320631256286,-0.02733126832806674
9,9,10.0,1.0,163,0.018404907975460124,0.034992598740306635,-0.01658769076484651
9,9,10.5,1.5,108,0.0,0.03481062419663878,-0.03481062419663878
9,9,11.0,2.0,58,0.0,0.03471901702408196,-0.03471901702408196
9,9,12.5,3.5,35,0.02857142857142857,0.033344300639836975,-0.004772872068408405
9,9,13.0,4.0,59,0.0,0.0320526415202853,-0.0320526415202853
9,9,13.5,4.5,50,0.04,0.03220150908636736,0.00779849091363264
9,9,14.0,5.0,79,0.0379746835443038,0.03126227185342685,0.006712411690876947
9,-9,1.0,10.0,218,0.0045871559633027525,0.01518588922349236,-0.010598733260189607
9,-9,1.5,10.5,102,0.0,0.011435899450843879,-0.011435899450843879
9,-9,2.0,11.0,107,0.009345794392523364,0.011505099728474508,-0.002159305335951144
9,-9,2.5,11.5,420,0.002380952380952381,0.015620084636964938,-0.013239132256012557
9,-9,3.0,12.0,784,0.006377551020408163,0.01878536494545318,-0.012407813925045016
9,-9,3.5,12.5,517,0.0038684719535783366,0.018865099604676198,-0.014996627651097862
9,-9,4.0,13.0,248,0.012096774193548387,0.017728549305512865,-0.005631775111964478
9,-9,4.5,13.5,189,0.010582010582010581,0.016783265250703974,-0.006201254668693392
9,-9,5.0,14.0,115,0.02608695652173913,0.016188017065896784,0.009898939455842345
9,-9,5.5,14.5,213,0.004694835680751174,0.015634612762034684,-0.01093977708128351
9,-9,6.0,15.0,242,0.008264462809917356,0.014814217364072508,-0.006549754554155152
9,-9,6.5,15.5,239,0.008368200836820083,0.013730239988116861,-0.005362039151296778
9,-9,7.0,16.0,337,0.005934718100890208,0.01238661393437404,-0.0064518958334838315
9,-9,7.5,16.5,230,0.0,0.01123918596517037,-0.01123918596517037
9,-9,8.0,17.0,56,0.0,0.010420181555617499,-0.010420181555617499
9,-9,8.5,17.5,58,0.0,0.009998897958837375,-0.009998897958837375
9,-9,9.0,18.0,109,0.0,0.010167191261107137,-0.010167191261107137
9,-9,9.5,18.5,129,0.0,0.009298307569587029,-0.009298307569587029
9,-9,10.0,19.0,163,0.006134969325153374,0.008653056240111038,-0.0025180869149576636
9,-9,10.5,19.5,108,0.009259259259259259,0.008045842623979694,0.0012134166352795652
9,-9,11.0,20.0,58,0.0,0.007390732489810749,-0.007390732489810749
9,-9,12.5,21.5,35,0.0,0.005941189264992387,-0.005941189264992387
9,-9,13.0,22.0,59,0.0,0.005888396409880202,-0.005888396409880202
9,-9,13.5,22.5,50,0.0,0.005126441567058728,-0.005126441567058728
9,-9,14.0,23.0,79,0.0,0.004875328143951624,-0.004875328143951624
10,10,1.0,9.0,218,0.03669724770642202,0.01605492020997168,0.02064232749645034
10,10,1.5,8.5,102,0.00980392156862745,0.011943065316775147,-0.002139143748147696
10,10,2.0,8.0,107,0.018691588785046728,0.011911593665240323,0.006779995119806405
10,10,2.5,7.5,420,0.04285714285714286,0.017340266926522484,0.025516875930620374
10,10,3.0,7.0,784,0.021683673469387755,0.024366447359832722,-0.002682773890444967
10,10,3.5,6.5,517,0.03481624758220503,0.02961091673177907,0.00520533085042596
10,10,4.0,6.0,248,0.04838709677419355,0.03162578792931436,0.01676130884487919
10,10,4.5,5.5,189,0.05291005291005291,0.03234516598236397,0.020564886927688937
10,10,5.0,5.0,115,0.0782608695652174,0.03228066174036319,0.04598020782485421
10,10,5.5,4.5,213,0.04225352112676056,0.03200456592984659,0.010248955196913975
10,10,6.0,4.0,242,0.05371900826446281,0.03244649214347365,0.02127251612098916
10,10,6.5,3.5,239,0.029288702928870293,0.033612374115762865,-0.004323671186892572
10,10,7.0,3.0,337,0.026706231454005934,0.03530110917017003,-0.008594877716164094
10,10,7.5,2.5,230,0.021739130434782608,0.03644406814057678,-0.014704937705794174
10,10,8.0,2.0,56,0.03571428571428571,0.03687041308257666,-0.0011561273682909462
10,10,8.5,1.5,58,0.017241379310344827,0.03641710216394545,-0.01917572285360062
10,10,9.0,1.0,109,0.027522935779816515,0.0345181368163832,-0.006995201036566687
10,10,9.5,0.5,129,0.03875968992248062,0.03508320631256286,0.0036764836099177564
10,10,10.0,0.0,163,0.0736196319018405,0.03513059343503064,0.03848903846680986
10,10,10.5,0.5,108,0.027777777777777776,0.035086071558980844,-0.007308293781203068
10,10,11.0,1.0,58,0.034482758620689655,0.0351325688455544,-0.0006498102248647455
10,10,12.5,2.5,35,0.08571428571428572,0.03412908807689386,0.051585197637391854
10,10,13.0,3.0,59,0.03389830508474576,0.03288654996711192,0.0010117551176338432
10,10,13.5,3.5,50,0.04,0.03322152426842211,0.006778475731577888
10,10,14.0,4.0,79,0.02531645569620253,0.03233336810761026,-0.007016912411407731
10,-10,1.0,11.0,218,0.045871559633027525,0.014335007883016218,0.031536551750011306
10,-10,1.5,11.5,102,0.029411764705882353,0.011169516817173026,0.018242247888709325
10,-10,2.0,12.0,107,0.018691588785046728,0.011347304451033852,0.007344284334012876
10,-10,2.5,12.5,420,0.04047619047619048,0.015123629266091673,0.025352561210098806
10,-10,3.0,13.0,784,0.026785714285714284,0.017578790123112146,0.009206924162602138
10,-10,3.5,13.5,517,0.015473887814313346,0.017048335357525927,-0.0015744475432125805
10,-10,4.0,14.0,248,0.008064516129032258,0.015783430736161643,-0.007718914607129385
10,-10,4.5,14.5,189,0.010582010582010581,0.01489227360462308,-0.004310263022612499
10,-10,5.0,15.0,115,0.008695652173913044,0.01441287325673427,-0.005717221082821227
10,-10,5.5,15.5,213,0.018779342723004695,0.013972589530474302,0.004806753192530393
10,-10,6.0,16.0,242,0.008264462809917356,0.013199524959077821,-0.004935062149160466
10,-10,6.5,16.5,239,0.008368200836820083,0.012121441614246735,-0.0037532407774266523
10,-10,7.0,17.0,337,0.011869436201780416,0.010782817112911167,0.0010866190888692492
10,-10,7.5,17.5,230,0.0,0.009687109901729638,-0.009687109901729638
10,-10,8.0,18.0,56,0.0,0.008937822375759793,-0.008937822375759793
10,-10,8.5,18.5,58,0.0,0.00859008967005701,-0.00859008967005701
10,-10,9.0,19.0,109,0.0,0.008856663205569909,-0.008856663205569909
10,-10,9.5,19.5,129,0.007751937984496124,0.008042887831674797,-0.0002909498471786731
10,-10,10.0,20.0,163,0.018404907975460124,0.007454893919211333,0.010950014056248791
10,-10,10.5,20.5,108,0.0,0.006909670777587819,-0.006909670777587819
10,-10,11.0,21.0,58,0.0,0.00630824695998034,-0.00630824695998034
10,-10,12.5,22.5,35,0.0,0.00502952426303876,-0.00502952426303876
10,-10,13.0,23.0,59,0.0,0.005014354745610205,-0.005014354745610205
10,-10,13.5,23.5,50,0.02,0.004324825685902801,0.0156751743140972
10,-10,14.0,24.0,79,0.012658227848101266,0.00411128225787188,0.008546945590229386
11,11,1.0,10.0,218,0.013761467889908258,0.01518588922349236,-0.0014244213335841017
11,11,1.5,9.5,102,0.0196078431372549,0.0116948835552722,0.007912959581982702
11,11,2.0,9.0,107,0.04672897196261682,0.011787992009470519,0.0349409799531463
11,11,2.5,8.5,420,0.02142857142857143,0.016958264862910532,0.004470306565660897
11,11,3.0,8.0,784,0.007653061224489796,0.023366114639891206,-0.015713053415401412
11,11,3.5,7.5,517,0.019342359767891684,0.027999105785249803,-0.008656746017358118
11,11,4.0,7.0,248,0.020161290322580645,0.029871390540456892,-0.009710100217876248
11,11,4.5,6.5,189,0.021164021164021163,0.030698704678278215,-0.009534683514257052
11,11,5.0,6.0,115,0.0,0.030870312759005644,-0.030870312759005644
11,11,5.5,5.5,213,0.004694835680751174,0.030814121715000364,-0.026119286034249192
11,11,6.0,5.0,242,0.008264462809917356,0.03136256558377888,-0.023098102773861526
11,11,6.5,4.5,239,0.016736401673640166,0.03256566627357218,-0.015829264599932013
11,11,7.0,4.0,337,0.020771513353115726,0.03426073290604181,-0.013489219552926087
11,11,7.5,3.5,230,0.02608695652173913,0.035479951696312746,-0.009392995174573617
11,11,8.0,3.0,56,0.0,0.0360541132556949,-0.0360541132556949
11,11,8.5,2.5,58,0.0,0.035798685464837825,-0.035798685464837825
11,11,9.0,2.0,109,0.027522935779816515,0.03412351872713802,-0.006600582947321507
11,11,9.5,1.5,129,0.015503875968992248,0.03480767747928594,-0.01930380151029369
11,11,10.0,1.0,163,0.018404907975460124,0.034992598740306635,-0.01658769076484651
11,11,10.5,0.5,108,0.018518518518518517,0.035086071558980844,-0.016567553040462327
11,11,11.0,0.0,58,0.017241379310344827,0.03527152548017685,-0.01803014616983202
11,11,12.5,1.5,35,0.0,0.03466264852985867,-0.03466264852985867
11,11,13.0,2.0,59,0.0,0.03349566464852288,-0.03349566464852288
11,11,13.5,2.5,50,0.02,0.03400869657415049,-0.014008696574150489
11,11,14.0,3.0,79,0.012658227848101266,0.033192156642950325,-0.02053392879484906
11,-11,1.0,12.0,218,0.0045871559633027525,0.013511997258012875,-0.008924841294710122
11,-11,1.5,12.5,102,0.0196078431372549,0.010898812509885425,0.008709030627369477
11,-11,2.0,13.0,107,0.009345794392523364,0.011179666214626792,-0.0018338718221034278
11,-11,2.5,13.5,420,0.004761904761904762,0.014608937945173726,-0.009847033183268964
11,-11,3.0,14.0,784,0.003826530612244898,0.016377923228652478,-0.01255139261640758
11,-11,3.5,14.5,517,0.009671179883945842,0.015296774847783263,-0.005625594963837421
11,-11,4.0,15.0,248,0.016129032258064516,0.013937503467171685,0.0021915287908928303
11,-11,4.5,15.5,189,0.0,0.013107816268489423,-0.013107816268489423
11,-11,5.0,16.0,115,0.008695652173913044,0.012733669435990169,-0.004038017262077125
11,-11,5.5,16.5,213,0.009389671361502348,0.012396684878510063,-0.0030070135170077155
11,-11,6.0,17.0,242,0.004132231404958678,0.011676458077874098,-0.007544226672915421
11,-11,6.5,17.5,239,0.012552301255230125,0.01062101407715917,0.0019312871780709558
11,-11,7.0,18.0,337,0.008902077151335312,0.009311072092617481,-0.0004089949412821696
11,-11,7.5,18.5,230,0.004347826086956522,0.008280163341150512,-0.003932337254193991
11,-11,8.0,19.0,56,0.017857142857142856,0.007602508376933722,0.010254634480209135
11,-11,8.5,19.5,58,0.0,0.007319758906162722,-0.007319758906162722
11,-11,9.0,20.0,109,0.0,0.00766117876088113,-0.00766117876088113
11,-11,9.5,20.5,129,0.007751937984496124,0.00690773294704605,0.0008442050374500741
11,-11,10.0,21.0,163,0.006134969325153374,0.0063768017967519575,-0.00024183247159858309
11,-11,10.5,21.5,108,0.0,0.005892132941622836,-0.005892132941622836
11,-11,11.0,22.0,58,0.017241379310344827,0.0053448130383031475,0.01189656627204168
11,-11,12.5,23.5,35,0.0,0.004227294281970917,-0.004227294281970917
11,-11,13.0,24.0,59,0.0,0.004241342931560048,-0.004241342931560048
11,-11,13.5,24.5,50,0.0,0.00362351019620013,-0.00362351019620013
11,-11,14.0,25.0,79,0.0,0.003443690157567412,-0.003443690157567412
12,12,1.0,11.0,218,0.0045871559633027525,0.014335007883016218,-0.009747851919713465
12,12,1.5,10.5,102,0.0196078431372549,0.011435899450843879,0.008171943686411023
12,12,2.0,10.0,107,0.009345794392523364,0.011652251627492151,-0.002306457234968787
12,12,2.5,9.5,420,0.007142857142857143,0.016541555255511018,-0.009398698112653876
12,12,3.0,9.0,784,0.011479591836734694,0.02229063390485373,-0.010811042068119036
12,12,3.5,8.5,517,0.0038684719535783366,0.026269672821644035,-0.0224012008680657
12,12,4.0,8.0,248,0.020161290322580645,0.02797163257577041,-0.007810342253189766
12,12,4.5,7.5,189,0.010582010582010581,0.028886306876493115,-0.018304296294482533
12,12,5.0,7.0,115,0.017391304347826087,0.029284197582863086,-0.011892893235036998
12,12,5.5,6.5,213,0.004694835680751174,0.02944476935575683,-0.024749933675005657
12,12,6.0,6.0,242,0.012396694214876033,0.03008762366600067,-0.017690929451124635
12,12,6.5,5.5,239,0.012552301255230125,0.03130372006490722,-0.018751418809677095
12,12,7.0,5.0,337,0.008902077151335312,0.0329687059073115,-0.024066628755976184
12,12,7.5,4.5,230,0.021739130434782608,0.03423471730581927,-0.012495586871036662
12,12,8.0,4.0,56,0.05357142857142857,0.03494202789039892,0.018629400681029647
12,12,8.5,3.5,58,0.0,0.034890907981963364,-0.034890907981963364
12,12,9.0,3.0,109,0.0,0.03347602337875266,-0.03347602337875266
12,12,9.5,2.5,129,0.015503875968992248,0.034263239895245254,-0.018759363926253006
12,12,10.0,2.0,163,0.012269938650306749,0.03458192173630536,-0.02231198308599861
12,12,10.5,1.5,108,0.018518518518518517,0.03481062419663878,-0.016292105678120263
12,12,11.0,1.0,58,0.05172413793103448,0.0351325688455544,0.016591569085480082
12,12,12.5,0.5,35,0.0,0.03493258921156465,-0.03493258921156465
12,12,13.0,1.0,59,0.0,0.033866622670511576,-0.033866622670511576
12,12,13.5,1.5,50,0.0,0.03454431195705139,-0.03454431195705139
12,12,14.0,2.0,79,0.02531645569620253,0.033819728933589796,-0.008503273237387265
12,-12,1.0,13.0,218,0.0045871559633027525,0.012723861529287134,-0.008136705565984382
12,-12,1.5,13.5,102,0.00980392156862745,0.010626482614618906,-0.0008225610459914549
12,-12,2.0,14.0,107,0.009345794392523364,0.011003009080910406,-0.0016572146883870424
12,-12,2.5,14.5,420,0.007142857142857143,0.01408012631708248,-0.0069372691742253375
12,-12,3.0,15.0,784,0.002551020408163265,0.015195475373946669,-0.012644454965783404
12,-12,3.5,15.5,517,0.005802707930367505,0.013629268420641398,-0.007826560490273894
12,-12,4.0,16.0,248,0.004032258064516129,0.012208414668431254,-0.008176156603915125
12,-12,4.5,16.5,189,0.0,0.011445177000349494,-0.011445177000349494
12,-12,5.0,17.0,115,0.0,0.011164194155091223,-0.011164194155091223
12,-12,5.5,17.5,213,0.014084507042253521,0.010919188759110101,0.0031653182831434205
12,-12,6.0,18.0,242,0.01652892561983471,0.010255491408576931,0.00627343421125778
12,-12,6.5,18.5,239,0.0041841004184100415,0.009237062938321655,-0.005052962519911614
12,-12,7.0,19.0,337,0.002967359050445104,0.00797586856473314,-0.005008509514288035
12,-12,7.5,19.5,230,0.008695652173913044,0.007019365975401312,0.0016762861985117313
12,-12,8.0,20.0,56,0.0,0.006413269408137816,-0.006413269408137816
12,-12,8.5,20.5,58,0.017241379310344827,0.006186825117985238,0.01105455419235959
12,-12,9.0,21.0,109,0.0,0.006581249295782579,-0.006581249295782579
12,-12,9.5,21.5,129,0.0,0.005891266353822275,-0.005891266353822275
12,-12,10.0,22.0,163,0.0,0.005416063600767988,-0.005416063600767988
12,-12,10.5,22.5,108,0.0,0.004989391967054361,-0.004989391967054361
12,-12,11.0,23.0,58,0.0,0.00449553394979422,-0.00449553394979422
12,-12,12.5,24.5,35,0.0,0.0035277865001857017,-0.0035277865001857017
12,-12,13.0,25.0,59,0.0,0.0035635387079109575,-0.0035635387079109575
12,-12,13.5,25.5,50,0.02,0.0030151844953075703,0.01698481550469243
12,-12,14.0,26.0,79,0.0,0.002865312384188583,-0.002865312384188583
13,13,1.0,12.0,218,0.013761467889908258,0.013511997258012875,0.00024947063189538314
13,13,1.5,11.5,102,0.0196078431372549,0.011169516817173026,0.008438326320081875
13,13,2.0,11.0,107,0.009345794392523364,0.011505099728474508,-0.002159305335951144
13,13,2.5,10.5,420,0.007142857142857143,0.016094121767756306,-0.008951264624899164
13,13,3.0,10.0,784,0.012755102040816327,0.02115734010192288,-0.008402238061106553
13,13,3.5,9.5,517,0.015473887814313346,0.024457904177440443,-0.008984016363127097
13,13,4.0,9.0,248,0.020161290322580645,0.025968853595439875,-0.00580756327285923
13,13,4.5,8.5,189,0.015873015873015872,0.0269491302395957,-0.011076114366579827
13,13,5.0,8.0,115,0.017391304347826087,0.027556871490572902,-0.010165567142746815
13,13,5.5,7.5,213,0.023474178403755867,0.027925055311366506,-0.004450876907610639
13,13,6.0,7.0,242,0.02066115702479339,0.02864861344645005,-0.007987456421656661
13,13,6.5,6.5,239,0.0041841004184100415,0.029854773318747405,-0.025670672900337362
13,13,7.0,6.0,337,0.005934718100890208,0.03145652379141701,-0.0255218056905268
13,13,7.5,5.5,230,0.004347826086956522,0.03274051940875181,-0.028392693321795292
13,13,8.0,5.0,56,0.017857142857142856,0.03356321898491416,-0.015706076127771307
13,13,8.5,4.5,58,0.017241379310344827,0.033716627953470996,-0.01647524864312617
13,13,9.0,4.0,109,0.01834862385321101,0.03259053096748806,-0.014241907114277051
13,13,9.5,3.5,129,0.046511627906976744,0.033462863719766714,0.01304876418721003
13,13,10.0,3.0,163,0.024539877300613498,0.03390834948500211,-0.009368472184388615
13,13,10.5,2.5,108,0.018518518518518517,0.03426634738200157,-0.015747828863483054
13,13,11.0,2.0,58,0.017241379310344827,0.03471901702408196,-0.017477637713737136
13,13,12.5,0.5,35,0.08571428571428572,0.03493258921156465,0.05078169650272107
13,13,13.0,0.0,59,0.0,0.033991200662507555,-0.033991200662507555
13,13,13.5,0.5,50,0.04,0.034815427389234085,0.005184572610765915
13,13,14.0,1.0,79,0.0379746835443038,0.03420204326049299,0.003772640283810809
13,-13,1.0,14.0,218,0.013761467889908258,0.011975301512938623,0.0017861663769696348
13,-13,1.5,14.5,102,0.0196078431372549,0.010354815652132846,0.009253027485122056
13,-13,2.0,15.0,107,0.009345794392523364,0.010818172276031036,-0.001472377883507672
13,-13,2.5,15.5,420,0.009523809523809525,0.013541185922022723,-0.004017376398213198
13,-13,3.0,16.0,784,0.012755102040816327,0.014042470176748444,-0.0012873681359321168
13,-13,3.5,16.5,517,0.009671179883945842,0.012060444688168555,-0.002389264804222713
13,-13,4.0,17.0,248,0.012096774193548387,0.010608667907936908,0.0014881062856114784
13,-13,4.5,17.5,189,0.005291005291005291,0.009914655403231753,-0.0046236501122264625
13,-13,5.0,18.0,115,0.0,0.009714002846424817,-0.009714002846424817
13,-13,5.5,18.5,213,0.014084507042253521,0.009548814672690456,0.004535692369563065
13,-13,6.0,19.0,242,0.004132231404958678,0.008943646076267981,-0.004811414671309303
13,-13,6.5,19.5,239,0.008368200836820083,0.007974063044940286,0.0003941377918797971
13,-13,7.0,20.0,337,0.005934718100890208,0.006777837553767994,-0.0008431194528777863
13,-13,7.5,20.5,230,0.004347826086956522,0.00590202736430214,-0.0015542012773456185
13,-13,8.0,21.0,56,0.0,0.005365736728246585,-0.005365736728246585
13,-13,8.5,21.5,58,0.0,0.005187166811645553,-0.005187166811645553
13,-13,9.0,22.0,109,0.009174311926605505,0.005614885060334726,0.003559426866270779
13,-13,9.5,22.5,129,0.0,0.004989612866098046,-0.004989612866098046
13,-13,10.0,23.0,163,0.006134969325153374,0.004567881828626862,0.0015670874965265126
13,-13,10.5,23.5,108,0.0,0.004195789413399604,-0.004195789413399604
13,-13,11.0,24.0,58,0.0,0.0037538613939114888,-0.0037538613939114888
13,-13,12.5,25.5,35,0.0,0.0029232727087017832,-0.0029232727087017832
13,-13,13.0,26.0,59,0.0,0.0029741918741961458,-0.0029741918741961458
13,-13,13.5,26.5,50,0.0,0.0024919383713315987,-0.0024919383713315987
13,-13,14.0,27.0,79,0.012658227848101266,0.0023683718884090843,0.01028985595969218
14,14,1.0,13.0,218,0.01834862385321101,0.012723861529287134,0.005624762323923876
14,14,1.5,12.5,102,0.00980392156862745,0.010898812509885425,-0.0010948909412579737
14,14,2.0,12.0,107,0.018691588785046728,0.011347304451033852,0.007344284334012876
14,14,2.5,11.5,420,0.023809523809523808,0.015620084636964938,0.00818943917255887
14,14,3.0,11.0,784,0.03316326530612245,0.01998339978513914,0.013179865520983311
14,14,3.5,10.5,517,0.03288201160541586,0.022598415854564447,0.010283595750851412
14,14,4.0,10.0,248,0.016129032258064516,0.023904889071069822,-0.007775856813005307
14,14,4.5,9.5,189,0.010582010582010581,0.024928736897493666,-0.014346726315483085
14,14,5.0,9.0,115,0.043478260869565216,0.025724264728085436,0.01775399614147978
14,14,5.5,8.5,213,0.028169014084507043,0.026285460525960008,0.0018835535585470346
14,14,6.0,8.0,242,0.0371900826446281,0.02707490298453339,0.01011517966009471
14,14,6.5,7.5,239,0.02510460251046025,0.02825019066971703,-0.003145588159256779
14,14,7.0,7.0,337,0.04747774480712166,0.02975988122416563,0.017717863582956035
14,14,7.5,6.5,230,0.04782608695652174,0.031034793108834672,0.01679129384768707
14,14,8.0,6.0,56,0.05357142857142857,0.031952783312704305,0.021618645258724263
14,14,8.5,5.5,58,0.06896551724137931,0.03230478750110323,0.03666072974027608
14,14,9.0,5.0,109,0.03669724770642202,0.03148705404676537,0.005210193659656651
14,14,9.5,4.5,129,0.06976744186046512,0.03242534485935624,0.037342097001108875
14,14,10.0,4.0,163,0.05521472392638037,0.03298775422710123,0.02222696969927914
14,14,10.5,3.5,108,0.09259259259259259,0.03346620664482862,0.05912638594776397
14,14,11.0,3.0,58,0.034482758620689655,0.0340406909443545,0.0004420676763351519
14,14,12.5,1.5,35,0.0,0.03466264852985867,-0.03466264852985867
14,14,13.0,1.0,59,0.0847457627118644,0.033866622670511576,0.05087914004135283
14,14,13.5,0.5,50,0.02,0.034815427389234085,-0.014815427389234085
14,14,14.0,0.0,79,0.0379746835443038,0.034330454387391324,0.003644229156912475
14,-14,1.0,15.0,218,0.022935779816513763,0.011269098477968111,0.011666681338545652
14,-14,1.5,15.5,102,0.0392156862745098,0.010085689966456042,0.02912999630805376
14,-14,2.0,16.0,107,0.009345794392523364,0.010626002011969886,-0.001280207619446522
14,-14,2.5,16.5,420,0.01904761904761905,0.01299593384503182,0.006051685202587229
14,-14,3.0,17.0,784,0.021683673469387755,0.012928168768566756,0.008755504700821
14,-14,3.5,17.5,517,0.02127659574468085,0.01060080799747962,0.01067578774720123
14,-14,4.0,18.0,248,0.012096774193548387,0.009145924252243325,0.002950849941305062
14,-14,4.5,18.5,189,0.021164021164021163,0.008521927648283356,0.012642093515737807
14,-14,5.0,19.0,115,0.008695652173913044,0.00838868416215455,0.00030696801175849296
14,-14,5.5,19.5,213,0.023474178403755867,0.008290902184193325,0.015183276219562543
14,-14,6.0,20.0,242,0.02066115702479339,0.007744737229772883,0.012916419795020506
14,-14,6.5,20.5,239,0.008368200836820083,0.006833227436547249,0.0015349734002728342
14,-14,7.0,21.0,337,0.002967359050445104,0.0057143145469897415,-0.0027469554965446376
14,-14,7.5,21.5,230,0.0,0.004922434200696865,-0.004922434200696865
14,-14,8.0,22.0,56,0.03571428571428571,0.00445284588271963,0.03126143983156608
14,-14,8.5,22.5,58,0.017241379310344827,0.00431423791171243,0.012927141398632398
14,-14,9.0,23.0,109,0.009174311926605505,0.004758030443283963,0.004416281483321542
14,-14,9.5,23.5,129,0.0,0.00419707604145652,-0.00419707604145652
14,-14,10.0,24.0,163,0.0,0.0038258507451220335,-0.0038258507451220335
14,-14,10.5,24.5,108,0.009259259259259259,0.0035043072806223226,0.005754951978636937
14,-14,11.0,25.0,58,0.0,0.0031120570594929133,-0.0031120570594929133
14,-14,12.5,26.5,35,0.0,0.002405400313968093,-0.002405400313968093
14,-14,13.0,27.0,59,0.0,0.0024659580700411333,-0.0024659580700411333
14,-14,13.5,27.5,50,0.0,0.0020455755397804573,-0.0020455755397804573
14,-14,14.0,28.0,79,0.0,0.0019448574729167543,-0.0019448574729167543
15,15,1.0,14.0,218,0.013761467889908258,0.011975301512938623,0.0017861663769696348
15,15,1.5,13.5,102,0.0,0.010626482614618906,-0.010626482614618906
15,15,2.0,13.0,107,0.009345794392523364,0.011179666214626792,-0.0018338718221034278
15,15,2.5,12.5,420,0.004761904761904762,0.015123629266091673,-0.01036172450418691
15,15,3.0,12.0,784,0.003826530612244898,0.01878536494545318,-0.014958834333208281
15,15,3.5,11.5,517,0.005802707930367505,0.020724076451130006,-0.0149213685207625
15,15,4.0,11.0,248,0.004032258064516129,0.02181965790810748,-0.017787399843591352
15,15,4.5,10.5,189,0.026455026455026454,0.022865626291973834,0.0035894001630526196
15,15,5.0,10.0,115,0.008695652173913044,0.023822443157626647,-0.015126790983713603
15,15,5.5,9.5,213,0.009389671361502348,0.024557381376306968,-0.01516771001480462
15,15,6.0,9.0,242,0.01652892561983471,0.025397278218360637,-0.008868352598525926
15,15,6.5,8.5,239,0.012552301255230125,0.026523325808441633,-0.013971024553211508
15,15,7.0,8.0,337,0.01483679525222552,0.027917259370048,-0.01308046411782248
15,15,7.5,7.5,230,0.013043478260869565,0.029158676355182246,-0.01611519809431268
15,15,8.0,7.0,56,0.07142857142857142,0.030150350893919736,0.04127822053465169
15,15,8.5,6.5,58,0.034482758620689655,0.030689216370283382,0.0037935422504062725
15,15,9.0,6.0,109,0.0,0.03018997267326293,-0.03018997267326293
15,15,9.5,5.5,129,0.0,0.03117455648821634,-0.03117455648821634
15,15,10.0,5.0,163,0.0,0.03184146057155231,-0.03184146057155231
15,15,10.5,4.5,108,0.018518518518518517,0.032428990308950995,-0.013910471790432477
15,15,11.0,4.0,58,0.017241379310344827,0.033113521992335346,-0.01587214268199052
15,15,12.5,2.5,35,0.02857142857142857,0.03412908807689386,-0.005557659505465291
15,15,13.0,2.0,59,0.0,0.03349566464852288,-0.03349566464852288
15,15,13.5,1.5,50,0.0,0.03454431195705139,-0.03454431195705139
15,15,14.0,1.0,79,0.012658227848101266,0.03420204326049299,-0.021543815412391726
15,-15,1.0,16.0,218,0.0045871559633027525,0.010606478362500919,-0.006019322399198166
15,-15,1.5,16.5,102,0.00980392156862745,0.009820591139308553,-1.666957068110174e-05
15,-15,2.0,17.0,107,0.0,0.010427343729254052,-0.010427343729254052
15,-15,2.5,17.5,420,0.007142857142857143,0.012447970167506898,-0.0053051130246497555
15,-15,3.0,18.0,784,0.008928571428571428,0.011860063329403352,-0.0029314919008319243
15,-15,3.5,18.5,517,0.0038684719535783366,0.009256984628995229,-0.005388512675416892
15,-15,4.0,19.0,248,0.008064516129032258,0.007823456168920075,0.00024105996011218253
15,-15,4.5,19.5,189,0.010582010582010581,0.007268543200331962,0.0033134673816786198
15,-15,5.0,20.0,115,0.008695652173913044,0.007190241145507843,0.0015054110284052008
15,-15,5.5,20.5,213,0.0,0.007147713008233269,-0.007147713008233269
15,-15,6.0,21.0,242,0.004132231404958678,0.0066597018239975435,-0.0025274704190388656
15,-15,6.5,21.5,239,0.0041841004184100415,0.005812943310392024,-0.0016288428919819823
15,-15,7.0,22.0,337,0.002967359050445104,0.0047799437336195115,-0.0018125846831744076
15,-15,7.5,22.5,230,0.008695652173913044,0.004072545108136808,0.004623107065776236
15,-15,8.0,23.0,56,0.05357142857142857,0.0036655291773761297,0.04990589939405244
15,-15,8.5,23.5,58,0.0,0.0035596764925052444,-0.0035596764925052444
15,-15,9.0,24.0,109,0.009174311926605505,0.004005003742118402,0.005169308184487103
15,-15,9.5,24.5,129,0.0,0.0035066021627944833,-0.0035066021627944833
15,-15,10.0,25.0,163,0.0,0.003182407908060949,-0.003182407908060949
15,-15,10.5,25.5,108,0.0,0.0029069987975075206,-0.0029069987975075206
15,-15,11.0,26.0,58,0.0,0.0025616176761060635,-0.0025616176761060635
15,-15,12.5,27.5,35,0.02857142857142857,0.0019655355422446004,0.02660589302918397
15,-15,13.0,28.0,59,0.0,0.0020311942654849527,-0.0020311942654849527
15,-15,13.5,28.5,50,0.0,0.0016678799231983634,-0.0016678799231983634
15,-15,14.0,29.0,79,0.012658227848101266,0.0015867796541113905,0.011071448193989876
16,16,1.0,15.0,218,0.01834862385321101,0.011269098477968111,0.007079525375242899
16,16,1.5,14.5,102,0.0,0.010354815652132846,-0.010354815652132846
16,16,2.0,14.0,107,0.0,0.011003009080910406,-0.011003009080910406
16,16,2.5,13.5,420,0.004761904761904762,0.014608937945173726,-0.009847033183268964
16,16,3.0,13.0,784,0.012755102040816327,0.017578790123112146,-0.004823688082295819
16,16,3.5,12.5,517,0.009671179883945842,0.018865099604676198,-0.009193919720730356
16,16,4.0,12.0,248,0.020161290322580645,0.019749963456146387,0.0004113268664342577
16,16,4.5,11.5,189,0.021164021164021163,0.020797932888918496,0.00036608827510266687
16,16,5.0,11.0,115,0.043478260869565216,0.02188644787307813,0.021591812996487086
16,16,5.5,10.5,213,0.028169014084507043,0.02277213662679708,0.0053968774577099615
16,16,6.0,10.0,242,0.024793388429752067,0.02364694222302945,0.001146446206722617
16,16,6.5,9.5,239,0.016736401673640166,0.024708366776138337,-0.00797196510249817
16,16,7.0,9.0,337,0.011869436201780416,0.025968470685347914,-0.014099034483567498
16,16,7.5,8.5,230,0.030434782608695653,0.02715534893271728,0.0032794336759783722
16,16,8.0,8.0,56,0.0,0.028198451396591193,-0.028198451396591193
16,16,8.5,7.5,58,0.017241379310344827,0.02890727537785573,-0.011665896067510902
16,16,9.0,7.0,109,0.01834862385321101,0.02872712493440901,-0.010378501081198001
16,16,9.5,6.5,129,0.023255813953488372,0.02973851881824418,-0.0064827048647558075
16,16,10.0,6.0,163,0.012269938650306749,0.030495410491813407,-0.018225471841506656
16,16,10.5,5.5,108,0.018518518518518517,0.031178560438700122,-0.012660041920181605
16,16,11.0,5.0,58,0.017241379310344827,0.03195892269621854,-0.014717543385873715
16,16,12.5,3.5,35,0.02857142857142857,0.033344300639836975,-0.004772872068408405
16,16,13.0,3.0,59,0.03389830508474576,0.03288654996711192,0.0010117551176338432
16,16,13.5,2.5,50,0.0,0.03400869657415049,-0.03400869657415049
16,16,14.0,2.0,79,0.02531645569620253,0.033819728933589796,-0.008503273237387265
16,-16,1.0,17.0,218,0.0045871559633027525,0.009987455209917472,-0.005400299246614719
16,-16,1.5,17.5,102,0.0,0.009560644549344067,-0.009560644549344067
16,-16,2.0,18.0,107,0.0,0.010223034865255222,-0.010223034865255222
16,-16,2.5,18.5,420,0.016666666666666666,0.01190064360365384,0.004766023063012827
16,-16,3.0,19.0,784,0.012755102040816327,0.010843929515135577,0.0019111725256807498
16,-16,3.5,19.5,517,0.005802707930367505,0.008032083951349316,-0.002229376020981811
16,-16,4.0,20.0,248,0.004032258064516129,0.006640708949416191,-0.002608450884900062
16,-16,4.5,20.5,189,0.005291005291005291,0.006152512148482225,-0.0008615068574769347
16,-16,5.0,21.0,115,0.008695652173913044,0.006117553333047555,0.0025780988408654884
16,-16,5.5,21.5,213,0.0,0.006118795256344869,-0.006118795256344869
16,-16,6.0,22.0,242,0.004132231404958678,0.0056869814513511915,-0.0015547500463925137
16,-16,6.5,22.5,239,0.008368200836820083,0.0049092458263210546,0.0034589550104990284
16,-16,7.0,23.0,337,0.005934718100890208,0.0039672881903258395,0.0019674299105643684
16,-16,7.5,23.5,230,0.004347826086956522,0.003342657707970068,0.0010051683789864536
16,-16,8.0,24.0,56,0.0,0.0029933657276928626,-0.0029933657276928626
16,-16,8.5,24.5,58,0.0,0.002913878758955864,-0.002913878758955864
16,-16,9.0,25.0,109,0.0,0.0033489219899037986,-0.0033489219899037986
16,-16,9.5,25.5,129,0.0,0.002910212979928361,-0.002910212979928361
16,-16,10.0,26.0,163,0.006134969325153374,0.002629248439838704,0.0035057208853146705
16,-16,10.5,26.5,108,0.0,0.002395375309994185,-0.002395375309994185
16,-16,11.0,27.0,58,0.0,0.0020936517697607215,-0.0020936517697607215
16,-16,12.5,28.5,35,0.0,0.0015950532056217773,-0.0015950532056217773
16,-16,13.0,29.0,59,0.0,0.001662211097265343,-0.001662211097265343
16,-16,13.5,29.5,50,0.0,0.0013508332019383398,-0.0013508332019383398
16,-16,14.0,30.0,79,0.0,0.0012863775657620143,-0.0012863775657620143
17,17,1.0,16.0,218,0.013761467889908258,0.010606478362500919,0.0031549895274073387
17,17,1.5,15.5,102,0.0196078431372549,0.010085689966456042,0.00952215317079886
17,17,2.0,15.0,107,0.018691588785046728,0.010818172276031036,0.007873416509015692
17,17,2.5,14.5,420,0.02142857142857143,0.01408012631708248,0.007348445111488949
17,17,3.0,14.0,784,0.02040816326530612,0.016377923228652478,0.004030240036653643
17,17,3.5,13.5,517,0.025145067698259187,0.017048335357525927,0.00809673234073326
17,17,4.0,13.0,248,0.020161290322580645,0.017728549305512865,0.00243274101706778
17,17,4.5,12.5,189,0.021164021164021163,0.01876034286951541,0.0024036782945057525
17,17,5.0,12.0,115,0.017391304347826087,0.01994926429353863,-0.0025579599457125415
17,17,5.5,11.5,213,0.009389671361502348,0.020960043675246464,-0.011570372313744116
17,17,6.0,11.0,242,0.012396694214876033,0.021854562051526274,-0.00945786783665024
17,17,6.5,10.5,239,0.03765690376569038,0.022839220049510826,0.014817683716179551
17,17,7.0,10.0,337,0.02967359050445104,0.02395323793306788,0.005720352571383161
17,17,7.5,9.5,230,0.030434782608695653,0.02506838239496866,0.005366400213726995
17,17,8.0,9.0,56,0.03571428571428571,0.026140843082292198,0.009573442631993515
17,17,8.5,8.5,58,0.034482758620689655,0.026998416005835694,0.007484342614853961
17,17,9.0,8.0,109,0.03669724770642202,0.02712880090098111,0.00956844680544091
17,17,9.5,7.5,129,0.007751937984496124,0.028148338609540673,-0.02039640062504455
17,17,10.0,7.0,163,0.018404907975460124,0.028979172501087218,-0.010574264525627094
17,17,10.5,6.5,108,0.05555555555555555,0.029742922125950685,0.025812633429604867
17,17,11.0,6.0,58,0.034482758620689655,0.030602955585779773,0.0038798030349098817
17,17,12.5,4.5,35,0.0,0.03232626667389185,-0.03232626667389185
17,17,13.0,4.0,59,0.01694915254237288,0.0320526415202853,-0.01510348897791242
17,17,13.5,3.5,50,0.04,0.03322152426842211,0.006778475731577888
17,17,14.0,3.0,79,0.02531645569620253,0.033192156642950325,-0.007875700946747794
17,-17,1.0,18.0,218,0.013761467889908258,0.00941114312492569,0.004350324764982568
17,-17,1.5,18.5,102,0.0392156862745098,0.00930665803127726,0.029909028243232542
17,-17,2.0,19.0,107,0.009345794392523364,0.010013898232697799,-0.000668103840174435
17,-17,2.5,19.5,420,0.01904761904761905,0.011357025400104649,0.0076905936475144005
17,-17,3.0,20.0,784,0.006377551020408163,0.009883926658351349,-0.003506375637943185
17,-17,3.5,20.5,517,0.01160541586073501,0.0069261395404624304,0.00467927632027258
17,-17,4.0,21.0,248,0.008064516129032258,0.0055939256060745625,0.0024705905229576953
17,-17,4.5,21.5,189,0.021164021164021163,0.005168939850755435,0.015995081313265727
17,-17,5.0,22.0,115,0.017391304347826087,0.005166886569371058,0.01222441777845503
17,-17,5.5,22.5,213,0.0,0.005201390619313062,-0.005201390619313062
17,-17,6.0,23.0,242,0.004132231404958678,0.00482293597811905,-0.0006907045731603719
17,-17,6.5,23.5,239,0.008368200836820083,0.004116303078681658,0.004251897758138425
17,-17,7.0,24.0,337,0.002967359050445104,0.003267416430064805,-0.00030005737961970097
17,-17,7.5,24.5,230,0.013043478260869565,0.002722020638367148,0.010321457622502417
17,-17,8.0,25.0,56,0.0,0.0024251653271888116,-0.0024251653271888116
17,-17,8.5,25.5,58,0.05172413793103448,0.002366517812147463,0.049357620118887016
17,-17,9.0,26.0,109,0.0,0.002782095406165858,-0.002782095406165858
17,-17,9.5,26.5,129,0.0,0.0023993941213037513,-0.0023993941213037513
17,-17,10.0,27.0,163,0.0,0.0021576909721499346,-0.0021576909721499346
17,-17,10.5,27.5,108,0.0,0.0019607409146519175,-0.0019607409146519175
17,-17,11.0,28.0,58,0.0,0.0016992008553709042,-0.0016992008553709042
17,-17,12.5,29.5,35,0.0,0.001285571064573432,-0.001285571064573432
17,-17,13.0,30.0,59,0.0,0.0013514800813563535,-0.0013514800813563535
17,-17,13.5,30.5,50,0.0,0.0010867845416068572,-0.0010867845416068572
17,-17,14.0,31.0,79,0.012658227848101266,0.0010362781002989285,0.011621949747802337
18,18,1.0,17.0,218,0.013761467889908258,0.009987455209917472,0.003774012679990786
18,18,1.5,16.5,102,0.00980392156862745,0.009820591139308553,-1.666957068110174e-05
18,18,2.0,16.0,107,0.009345794392523364,0.010626002011969886,-0.001280207619446522
18,18,2.5,15.5,420,0.004761904761904762,0.013541185922022723,-0.00877928116011796
18,18,3.0,15.0,784,0.008928571428571428,0.015195475373946669,-0.006266903945375241
18,18,3.5,14.5,517,0.013539651837524178,0.015296774847783263,-0.0017571230102590846
18,18,4.0,14.0,248,0.008064516129032258,0.015783430736161643,-0.007718914607129385
18,18,4.5,13.5,189,0.021164021164021163,0.016783265250703974,0.004380755913317189
18,18,5.0,13.0,115,0.008695652173913044,0.01804095992639128,-0.009345307752478235
18,18,5.5,12.5,213,0.014084507042253521,0.019149600724397906,-0.005065093682144384
18,18,6.0,12.0,242,0.024793388429752067,0.02004940289174588,0.004743985538006187
18,18,6.5,11.5,239,0.029288702928870293,0.02094848345360218,0.008340219475268112
18,18,7.0,11.0,337,0.04154302670623145,0.0219098773393888,0.019633149366842653
18,18,7.5,10.5,230,0.017391304347826087,0.02294018843536881,-0.0055488840875427235
18,18,8.0,10.0,56,0.0,0.024020895849379824,-0.024020895849379824
18,18,8.5,9.5,58,0.017241379310344827,0.025002733814511166,-0.007761354504166339
18,18,9.0,9.0,109,0.045871559633027525,0.025426691334073267,0.02044486829895426
18,18,9.5,8.5,129,0.031007751937984496,0.026437075290944984,0.0045706766470395115
18,18,10.0,8.0,163,0.024539877300613498,0.02732484858681784,-0.002784971286204342
18,18,10.5,7.5,108,0.027777777777777776,0.028153162783141922,-0.00037538500536414554
18,18,11.0,7.0,58,0.034482758620689655,0.02907534574648153,0.005407412874208126
18,18,12.5,5.5,35,0.0,0.031097861636398175,-0.031097861636398175
18,18,13.0,5.0,59,0.01694915254237288,0.031011946785716445,-0.014062794243343564
18,18,13.5,4.5,50,0.02,0.03220150908636736,-0.01220150908636736
18,18,14.0,4.0,79,0.02531645569620253,0.03233336810761026,-0.007016912411407731
18,-18,1.0,19.0,218,0.01834862385321101,0.008876024572681994,0.009472599280529017
18,-18,1.5,19.5,102,0.0,0.009059169894367072,-0.009059169894367072
18,-18,2.0,20.0,107,0.037383177570093455,0.00980073607264215,0.027582441497451305
18,-18,2.5,20.5,420,0.011904761904761904,0.010819891303768703,0.0010848706009932013
18,-18,3.0,21.0,784,0.003826530612244898,0.008982734052491805,-0.005156203440246907
18,-18,3.5,21.5,517,0.005802707930367505,0.005936596542601386,-0.0001338886122338812
18,-18,4.0,22.0,248,0.012096774193548387,0.004676794979790259,0.007419979213758128
18,-18,4.5,22.5,189,0.005291005291005291,0.0043106702127757805,0.0009803350782295103
18,-18,5.0,23.0,115,0.008695652173913044,0.0043324199381740815,0.004363232235738962
18,-18,5.5,23.5,213,0.0,0.004390860856097195,-0.004390860856097195
18,-18,6.0,24.0,242,0.004132231404958678,0.004062265891274165,6.996551368451242e-05
18,-18,6.5,24.5,239,0.008368200836820083,0.0034268892797033497,0.004941311557116733
18,-18,7.0,25.0,337,0.005934718100890208,0.002670442206143107,0.003264275894747101
18,-18,7.5,25.5,230,0.0,0.0021993714541550056,-0.0021993714541550056
18,-18,8.0,26.0,56,0.0,0.001949470640968146,-0.001949470640968146
18,-18,8.5,26.5,58,0.0,0.0019069934586163583,-0.0019069934586163583
18,-18,9.0,27.0,109,0.0,0.0022963802448932357,-0.0022963802448932357
18,-18,9.5,27.5,129,0.0,0.001965430739215735,-0.001965430739215735
18,-18,10.0,28.0,163,0.0,0.001758988672050671,-0.001758988672050671
18,-18,10.5,28.5,108,0.0,0.0015944706842110023,-0.0015944706842110023
18,-18,11.0,29.0,58,0.0,0.001369501931021871,-0.001369501931021871
18,-18,12.5,30.5,35,0.0,0.0010291298984661877,-0.0010291298984661877
18,-18,13.0,31.0,59,0.06779661016949153,0.0010917961813795497,0.06670481398811197
18,-18,13.5,31.5,50,0.0,0.0008685753021948077,-0.0008685753021948077
18,-18,14.0,32.0,79,0.0,0.0008296104822061396,-0.0008296104822061396
19,19,1.0,18.0,218,0.009174311926605505,0.00941114312492569,-0.00023683119832018477
19,19,1.5,17.5,102,0.0,0.009560644549344067,-0.009560644549344067
19,19,2.0,17.0,107,0.0,0.010427343729254052,-0.010427343729254052
19,19,2.5,16.5,420,0.0,0.01299593384503182,-0.01299593384503182
19,19,3.0,16.0,784,0.00510204081632653,0.014042470176748444,-0.008940429360421914
19,19,3.5,15.5,517,0.009671179883945842,0.013629268420641398,-0.003958088536695556
19,19,4.0,15.0,248,0.0,0.013937503467171685,-0.013937503467171685
19,19,4.5,14.5,189,0.021164021164021163,0.01489227360462308,0.006271747559398083
19,19,5.0,14.0,115,0.0,0.016188017065896784,-0.016188017065896784
19,19,5.5,13.5,213,0.009389671361502348,0.017366803129349583,-0.007977131767847236
19,19,6.0,13.0,242,0.0,0.01825858177050863,-0.01825858177050863
19,19,6.5,12.5,239,0.012552301255230125,0.0190665494391999,-0.0065142481839697754
19,19,7.0,12.0,337,0.011869436201780416,0.01987414454152195,-0.008004708339741533
19,19,7.5,11.5,230,0.013043478260869565,0.020810640689889238,-0.007767162429019673
19,19,8.0,11.0,56,0.0,0.02188011046882749,-0.02188011046882749
19,19,8.5,10.5,58,0.0,0.022959589211706457,-0.022959589211706457
19,19,9.0,10.0,109,0.027522935779816515,0.023652842372347372,0.0038700934074691433
19,19,9.5,9.5,129,0.0,0.02463859197689842,-0.02463859197689842
19,19,10.0,9.0,163,0.0,0.025565935930599654,-0.025565935930599654
19,19,10.5,8.5,108,0.009259259259259259,0.02644231845914158,-0.01718305919988232
19,19,11.0,8.0,58,0.017241379310344827,0.02740838977931861,-0.010167010468973784
19,19,12.5,6.5,35,0.0,0.02968599252962459,-0.02968599252962459
19,19,13.0,6.0,59,0.03389830508474576,0.02978646183568909,0.0041118432490566716
19,19,13.5,5.5,50,0.02,0.03097234777422312,-0.01097234777422312
19,19,14.0,5.0,79,0.012658227848101266,0.03126227185342685,-0.018604044005325587
19,-19,1.0,20.0,218,0.0045871559633027525,0.008380167865935033,-0.0037930119026322803
19,-19,1.5,20.5,102,0.0,0.008818498205066732,-0.008818498205066732
19,-19,2.0,21.0,107,0.0,0.009584324825820986,-0.009584324825820986
19,-19,2.5,21.5,420,0.007142857142857143,0.010291711168358454,-0.0031488540255013115
19,-19,3.0,22.0,784,0.00510204081632653,0.008141711850499639,-0.0030396710341731087
19,-19,3.5,22.5,517,0.0019342359767891683,0.0050588147968097805,-0.0031245788200206124
19,-19,4.0,23.0,248,0.0,0.003881088431329688,-0.003881088431329688
19,-19,4.5,23.5,189,0.0,0.0035689052484875264,-0.0035689052484875264
19,-19,5.0,24.0,115,0.008695652173913044,0.0036067632837316825,0.005088888890181361
19,-19,5.5,24.5,213,0.0,0.003681112659910642,-0.003681112659910642
19,-19,6.0,25.0,242,0.008264462809917356,0.0033984243256188606,0.004866038484298495
19,-19,6.5,25.5,239,0.0,0.0028328276447784446,-0.0028328276447784446
19,-19,7.0,26.0,337,0.0,0.0021660012124006043,-0.0021660012124006043
19,-19,7.5,26.5,230,0.0,0.0017633892180820645,-0.0017633892180820645
19,-19,8.0,27.0,56,0.017857142857142856,0.0015549698824771348,0.01630217297466572
19,-19,8.5,27.5,58,0.0,0.0015248056335102436,-0.0015248056335102436
19,-19,9.0,28.0,109,0.009174311926605505,0.0018834828968041766,0.0072908290298013285
19,-19,9.5,28.5,129,0.007751937984496124,0.001599686207420821,0.006152251777075303
19,-19,10.0,29.0,163,0.0,0.0014245827608333236,-0.0014245827608333236
19,-19,10.5,29.5,108,0.0,0.0012882319394136596,-0.0012882319394136596
19,-19,11.0,30.0,58,0.0,0.001096191655431322,-0.001096191655431322
19,-19,12.5,31.5,35,0.0,0.0008183227979123328,-0.0008183227979123328
19,-19,13.0,32.0,59,0.0,0.0008763981577311484,-0.0008763981577311484
19,-19,13.5,32.5,50,0.0,0.0006896229427213964,-0.0006896229427213964
19,-19,14.0,33.0,79,0.0,0.0006600808877304898,-0.0006600808877304898
20,20,1.0,19.0,218,0.013761467889908258,0.008876024572681994,0.004885443317226264
20,20,1.5,18.5,102,0.0,0.00930665803127726,-0.00930665803127726
20,20,2.0,18.0,107,0.0,0.010223034865255222,-0.010223034865255222
20,20,2.5,17.5,420,0.009523809523809525,0.012447970167506898,-0.0029241606436973735
20,20,3.0,17.0,784,0.006377551020408163,0.012928168768566756,-0.006550617748158592
20,20,3.5,16.5,517,0.02127659574468085,0.012060444688168555,0.009216151056512295
20,20,4.0,16.0,248,0.020161290322580645,0.012208414668431254,0.00795287565414939
20,20,4.5,15.5,189,0.015873015873015872,0.013107816268489423,0.002765199604526449
20,20,5.0,15.0,115,0.017391304347826087,0.01441287325673427,0.0029784310910918165
20,20,5.5,14.5,213,0.004694835680751174,0.015634612762034684,-0.01093977708128351
20,20,6.0,14.0,242,0.02066115702479339,0.016506464165065637,0.004154692859727752
20,20,6.5,13.5,239,0.029288702928870293,0.017220869785413005,0.012067833143457288
20,20,7.0,13.0,337,0.020771513353115726,0.01787828758934916,0.0028932257637665666
20,20,7.5,12.5,230,0.02608695652173913,0.018715928053537948,0.007371028468201181
20,20,8.0,12.0,56,0.017857142857142856,0.019756841454301243,-0.001899698597158387
20,20,8.5,11.5,58,0.06896551724137931,0.020906360243154985,0.04805915699822433
20,20,9.0,11.0,109,0.009174311926605505,0.02183866411468122,-0.012664352188075715
20,20,9.5,10.5,129,0.007751937984496124,0.022786447213763137,-0.015034509229267013
20,20,10.0,10.0,163,0.049079754601226995,0.023736200036733532,0.025343554564493463
20,20,10.5,9.5,108,0.037037037037037035,0.024644225556696573,0.012392811480340462
20,20,11.0,9.0,58,0.017241379310344827,0.02563581742979389,-0.008394438119449062
20,20,12.5,7.5,35,0.0,0.028120609612837896,-0.028120609612837896
20,20,13.0,7.0,59,0.03389830508474576,0.02840138816035216,0.005496916924393604
20,20,13.5,6.5,50,0.0,0.029561750415881966,-0.029561750415881966
20,20,14.0,6.0,79,0.0,0.03000194183391504,-0.03000194183391504
20,-20,1.0,21.0,218,0.009174311926605505,0.007921393874103564,0.0012529180525019407
20,-20,1.5,21.5,102,0.0,0.008584788087169015,-0.008584788087169015
20,-20,2.0,22.0,107,0.0,0.00936541064645592,-0.00936541064645592
20,-20,2.5,22.5,420,0.004761904761904762,0.009774645579992773,-0.00501274081808801
20,-20,3.0,23.0,784,0.01020408163265306,0.007361075960872807,0.002843005671780254
20,-20,3.5,23.5,517,0.0019342359767891683,0.004286561835239025,-0.002352325858449857
20,-20,4.0,24.0,248,0.004032258064516129,0.0031972572731010346,0.0008350007914150943
20,-20,4.5,24.5,189,0.005291005291005291,0.002933775831958388,0.0023572294590469027
20,-20,5.0,25.0,115,0.0,0.002981443792244774,-0.002981443792244774
20,-20,5.5,25.5,213,0.0,0.0030650034236255996,-0.0030650034236255996
20,-20,6.0,26.0,242,0.004132231404958678,0.0028240033759390046,0.0013082280290196732
20,-20,6.5,26.5,239,0.0041841004184100415,0.0023253892254949593,0.0018587111929150822
20,-20,7.0,27.0,337,0.0,0.0017436548168796237,-0.0017436548168796237
20,-20,7.5,27.5,230,0.013043478260869565,0.00140305760890057,0.011640420651968995
20,-20,8.0,28.0,56,0.0,0.0012308187365345242,-0.0012308187365345242
20,-20,8.5,28.5,58,0.0,0.0012098495469578313,-0.0012098495469578313
20,-20,9.0,29.0,109,0.009174311926605505,0.0015352118260242797,0.007639100100581225
20,-20,9.5,29.5,129,0.007751937984496124,0.0012938233473758177,0.006458114637120306
20,-20,10.0,30.0,163,0.006134969325153374,0.0011462992964165494,0.004988670028736825
20,-20,10.5,30.5,108,0.009259259259259259,0.0010341509231269258,0.008225108336132332
20,-20,11.0,31.0,58,0.0,0.000871455385810208,-0.000871455385810208
20,-20,12.5,32.5,35,0.0,0.0006463789081229033,-0.0006463789081229033
20,-20,13.0,33.0,59,0.0,0.0006990505493545756,-0.0006990505493545756
20,-20,13.5,33.5,50,0.0,0.0005439692685494314,-0.0005439692685494314
20,-20,14.0,34.0,79,0.0,0.0005220126011377965,-0.0005220126011377965
21,21,1.0,20.0,218,0.03211009174311927,0.008380167865935033,0.023729923877184235
21,21,1.5,19.5,102,0.00980392156862745,0.009059169894367072,0.0007447516742603785
21,21,2.0,19.0,107,0.028037383177570093,0.010013898232697799,0.018023484944872294
21,21,2.5,18.5,420,0.009523809523809525,0.01190064360365384,-0.0023768340798443147
21,21,3.0,18.0,784,0.015306122448979591,0.011860063329403352,0.003446059119576239
21,21,3.5,17.5,517,0.009671179883945842,0.01060080799747962,-0.0009296281135337779
21,21,4.0,17.0,248,0.024193548387096774,0.010608667907936908,0.013584880479159865
21,21,4.5,16.5,189,0.026455026455026454,0.011445177000349494,0.01500984945467696
21,21,5.0,16.0,115,0.02608695652173913,0.012733669435990169,0.01335328708574896
21,21,5.5,15.5,213,0.023474178403755867,0.013972589530474302,0.009501588873281565
21,21,6.0,15.0,242,0.02066115702479339,0.014814217364072508,0.0058469396607208814
21,21,6.5,14.5,239,0.02510460251046025,0.015435401248223337,0.009669201262236913
21,21,7.0,14.0,337,0.020771513353115726,0.015950335124077692,0.004821178229038034
21,21,7.5,13.5,230,0.034782608695652174,0.016687678018128625,0.01809493067752355
21,21,8.0,13.0,56,0.07142857142857142,0.017685272741844765,0.05374329868672666
21,21,8.5,12.5,58,0.017241379310344827,0.018877379462191073,-0.001636000151846246
21,21,9.0,12.0,109,0.027522935779816515,0.020014034920850635,0.00750890085896588
21,21,9.5,11.5,129,0.031007751937984496,0.020912877371820668,0.010094874566163828
21,21,10.0,11.0,163,0.024539877300613498,0.021868611873175375,0.002671265427438122
21,21,10.5,10.5,108,0.018518518518518517,0.02279241380310368,-0.004273895284585164
21,21,11.0,10.0,58,0.034482758620689655,0.02379166196242199,0.010691096658267663
21,21,12.5,8.5,35,0.02857142857142857,0.026433644372743585,0.0021377841986849853
21,21,13.0,8.0,59,0.05084745762711865,0.026884261755179235,0.023963195871939413
21,21,13.5,7.5,50,0.02,0.028000350038372503,-0.008000350038372503
21,21,14.0,7.0,79,0.0379746835443038,0.028578781135789343,0.009395902408514456
21,-21,1.0,22.0,218,0.0,0.007497397830435429,-0.007497397830435429
21,-21,1.5,22.5,102,0.0,0.008358054715341385,-0.008358054715341385
21,-21,2.0,23.0,107,0.0,0.009144705664150632,-0.009144705664150632
21,-21,2.5,23.5,420,0.007142857142857143,0.009270548739768862,-0.00212769159691172
21,-21,3.0,24.0,784,0.006377551020408163,0.006640077626295641,-0.00026252660588747725
21,-21,3.5,24.5,517,0.0038684719535783366,0.003612475255615632,0.00025599669796270465
21,-21,4.0,25.0,248,0.008064516129032258,0.0026149703629770936,0.005449545766055164
21,-21,4.5,25.5,189,0.010582010582010581,0.00239484603424142,0.008187164547769162
21,-21,5.0,26.0,115,0.008695652173913044,0.0024473455201125534,0.00624830665380049
21,-21,5.5,26.5,213,0.009389671361502348,0.002534714286258095,0.006854957075244253
21,-21,6.0,27.0,242,0.0,0.0023310831769342297,-0.0023310831769342297
21,-21,6.5,27.5,239,0.0041841004184100415,0.001895638633479562,0.0022884617849304794
21,-21,7.0,28.0,337,0.0,0.0013932168048525183,-0.0013932168048525183
21,-21,7.5,28.5,230,0.004347826086956522,0.00110794019159999,0.0032398858953565316
21,-21,8.0,29.0,56,0.0,0.0009668755888514509,-0.0009668755888514509
21,-21,8.5,29.5,58,0.0,0.0009526352023422752,-0.0009526352023422752
21,-21,9.0,30.0,109,0.01834862385321101,0.0012436771156178748,0.017104946737593135
21,-21,9.5,30.5,129,0.0,0.0010399706024445,-0.0010399706024445
21,-21,10.0,31.0,163,0.0,0.0009164926194188017,-0.0009164926194188017
21,-21,10.5,31.5,108,0.0,0.0008249293917359824,-0.0008249293917359824
21,-21,11.0,32.0,58,0.0,0.0006881262969459423,-0.0006881262969459423
21,-21,12.5,33.5,35,0.0,0.0005072079180228614,-0.0005072079180228614
21,-21,13.0,34.0,59,0.0,0.000554092072152043,-0.000554092072152043
21,-21,13.5,34.5,50,0.0,0.00042629866548118007,-0.00042629866548118007
21,-21,14.0,35.0,79,0.0,0.0004103575943270757,-0.0004103575943270757
22,22,1.0,21.0,218,0.0045871559633027525,0.007921393874103564,-0.003334237910800812
22,22,1.5,20.5,102,0.00980392156862745,0.008818498205066732,0.0009854233635607189
22,22,2.0,20.0,107,0.0,0.00980073607264215,-0.00980073607264215
22,22,2.5,19.5,420,0.002380952380952381,0.011357025400104649,-0.008976073019152268
22,22,3.0,19.0,784,0.007653061224489796,0.010843929515135577,-0.0031908682906457812
22,22,3.5,18.5,517,0.0019342359767891683,0.009256984628995229,-0.0073227486522060604
22,22,4.0,18.0,248,0.0,0.009145924252243325,-0.009145924252243325
22,22,4.5,17.5,189,0.005291005291005291,0.009914655403231753,-0.0046236501122264625
22,22,5.0,17.0,115,0.0,0.011164194155091223,-0.011164194155091223
22,22,5.5,16.5,213,0.014084507042253521,0.012396684878510063,0.0016878221637434583
22,22,6.0,16.0,242,0.012396694214876033,0.013199524959077821,-0.0008028307442017879
22,22,6.5,15.5,239,0.0041841004184100415,0.013730239988116861,-0.009546139569706819
22,22,7.0,15.0,337,0.017804154302670624,0.014113631360559395,0.003690522942111229
22,22,7.5,14.5,230,0.017391304347826087,0.014752368124635774,0.002638936223190313
22,22,8.0,14.0,56,0.03571428571428571,0.015694675251407858,0.020019610462877854
22,22,8.5,13.5,58,0.05172413793103448,0.01690309184058654,0.03482104609044794
22,22,9.0,13.0,109,0.01834862385321101,0.01820653499670541,0.0001420888565056011
22,22,9.5,12.5,129,0.007751937984496124,0.019047910883455327,-0.011295972898959204
22,22,10.0,12.0,163,0.0,0.019994394505485992,-0.019994394505485992
22,22,10.5,11.5,108,0.0,0.02091909032785359,-0.02091909032785359
22,22,11.0,11.0,58,0.05172413793103448,0.021909191633797218,0.029814946297237264
22,22,12.5,9.5,35,0.02857142857142857,0.024657926559256343,0.003913502012172228
22,22,13.0,9.0,59,0.0,0.025264036933698955,-0.025264036933698955
22,22,13.5,8.5,50,0.0,0.026320555195995517,-0.026320555195995517
22,22,14.0,8.0,79,0.0,0.027021593568223548,-0.027021593568223548
22,-22,1.0,23.0,218,0.0045871559633027525,0.007105835133665128,-0.0025186791703623755
22,-22,1.5,23.5,102,0.0,0.008138220567908312,-0.008138220567908312
22,-22,2.0,24.0,107,0.009345794392523364,0.008922884982629978,0.0004229094098933857
22,-22,2.5,24.5,420,0.0,0.008780976746322444,-0.008780976746322444
22,-22,3.0,25.0,784,0.008928571428571428,0.005977179944763974,0.0029513914838074544
22,-22,3.5,25.5,517,0.0,0.003028479568485654,-0.003028479568485654
22,-22,4.0,26.0,248,0.0,0.0021235784444032287,-0.0021235784444032287
22,-22,4.5,26.5,189,0.0,0.001941540562483482,-0.001941540562483482
22,-22,5.0,27.0,115,0.0,0.001995091151308055,-0.001995091151308055
22,-22,5.5,27.5,213,0.004694835680751174,0.002082080795203287,0.002612754885547887
22,-22,6.0,28.0,242,0.0,0.0019115360678745312,-0.0019115360678745312
22,-22,6.5,28.5,239,0.0,0.0015347219415549407,-0.0015347219415549407
22,-22,7.0,29.0,337,0.0,0.0011050040143693414,-0.0011050040143693414
22,-22,7.5,29.5,230,0.0,0.0008683739589635088,-0.0008683739589635088
22,-22,8.0,30.0,56,0.0,0.0007538580122400743,-0.0007538580122400743
22,-22,8.5,30.5,58,0.0,0.0007444373697859825,-0.0007444373697859825
22,-22,9.0,31.0,109,0.0,0.001001439965140553,-0.001001439965140553
22,-22,9.5,31.5,129,0.0,0.0008308377682602758,-0.0008308377682602758
22,-22,10.0,32.0,163,0.0,0.0007281407475560896,-0.0007281407475560896
22,-22,10.5,32.5,108,0.0,0.0006539170795134752,-0.0006539170795134752
22,-22,11.0,33.0,58,0.0,0.0005397411220479019,-0.0005397411220479019
22,-22,12.5,34.5,35,0.0,0.0003954120803024046,-0.0003954120803024046
22,-22,13.0,35.0,59,0.0,0.00043645570573209406,-0.00043645570573209406
23,23,1.0,22.0,218,0.0,0.007497397830435429,-0.007497397830435429
23,23,1.5,21.5,102,0.0,0.008584788087169015,-0.008584788087169015
23,23,2.0,21.0,107,0.0,0.009584324825820986,-0.009584324825820986
23,23,2.5,20.5,420,0.004761904761904762,0.010819891303768703,-0.0060579865418639404
23,23,3.0,20.0,784,0.01020408163265306,0.009883926658351349,0.0003201549743017118
23,23,3.5,19.5,517,0.01160541586073501,0.008032083951349316,0.0035733319093856943
23,23,4.0,19.0,248,0.008064516129032258,0.007823456168920075,0.00024105996011218253
23,23,4.5,18.5,189,0.015873015873015872,0.008521927648283356,0.007351088224732516
23,23,5.0,18.0,115,0.034782608695652174,0.009714002846424817,0.025068605849227356
23,23,5.5,17.5,213,0.0,0.010919188759110101,-0.010919188759110101
23,23,6.0,17.0,242,0.01652892561983471,0.011676458077874098,0.004852467541960613
23,23,6.5,16.5,239,0.029288702928870293,0.012121441614246735,0.01716726131462356
23,23,7.0,16.0,337,0.008902077151335312,0.01238661393437404,-0.0034845367830387275
23,23,7.5,15.5,230,0.004347826086956522,0.012931024089608119,-0.008583198002651598
23,23,8.0,15.0,56,0.0,0.013808955239622155,-0.013808955239622155
23,23,8.5,14.5,58,0.0,0.015009454450496791,-0.015009454450496791
23,23,9.0,14.0,109,0.01834862385321101,0.016440833153469638,0.001907790699741372
23,23,9.5,13.5,129,0.007751937984496124,0.01721864485900798,-0.009466706874511857
23,23,10.0,13.0,163,0.006134969325153374,0.018142215207749224,-0.01200724588259585
23,23,10.5,12.5,108,0.0,0.01905425591023863,-0.01905425591023863
23,23,11.0,12.0,58,0.017241379310344827,0.020019947831078647,-0.0027785685207338193
23,23,12.5,10.5,35,0.0,0.022826131435534722,-0.022826131435534722
23,23,13.0,10.0,59,0.03389830508474576,0.0235701676558017,0.010328137428944062
23,23,13.5,9.5,50,0.02,0.024555408326469498,-0.004555408326469498
23,23,14.0,9.0,79,0.0,0.02536060910809929,-0.02536060910809929
23,-23,1.0,24.0,218,0.01834862385321101,0.006744380420879594,0.011604243432331417
23,-23,1.5,24.5,102,0.0,0.007925146285432507,-0.007925146285432507
23,-23,2.0,25.0,107,0.0,0.008700584389344545,-0.008700584389344545
23,-23,2.5,25.5,420,0.004761904761904762,0.008307200371791775,-0.003545295609887013
23,-23,3.0,26.0,784,0.007653061224489796,0.005370225279161278,0.002282835945328518
23,-23,3.5,26.5,517,0.0,0.002526148015825485,-0.002526148015825485
23,-23,4.0,27.0,248,0.0,0.0017124984079276318,-0.0017124984079276318
23,-23,4.5,27.5,189,0.0,0.0015634911446512022,-0.0015634911446512022
23,-23,5.0,28.0,115,0.0,0.0016153602787791267,-0.0016153602787791267
23,-23,5.5,28.5,213,0.0,0.0016988752997431772,-0.0016988752997431772
23,-23,6.0,29.0,242,0.0,0.0015572817171238247,-0.0015572817171238247
23,-23,6.5,29.5,239,0.0,0.0012340958250615878,-0.0012340958250615878
23,-23,7.0,30.0,337,0.002967359050445104,0.0008700155786747651,0.0020973434717703387
23,-23,7.5,30.5,230,0.0,0.0006755903440676217,-0.0006755903440676217
23,-23,8.0,31.0,56,0.0,0.0005834309779706486,-0.0005834309779706486
23,-23,8.5,31.5,58,0.0,0.0005773844295140628,-0.0005773844295140628
23,-23,9.0,32.0,109,0.0,0.0008016163936369074,-0.0008016163936369074
23,-23,9.5,32.5,129,0.0,0.0006597873449198703,-0.0006597873449198703
23,-23,10.0,33.0,163,0.0,0.0005748991838167887,-0.0005748991838167887
23,-23,10.5,33.5,108,0.0,0.0005151467835875135,-0.0005151467835875135
23,-23,11.0,34.0,58,0.0,0.00042055972498061513,-0.00042055972498061513
24,24,1.0,23.0,218,0.009174311926605505,0.007105835133665128,0.002068476792940377
24,24,1.5,22.5,102,0.0,0.008358054715341385,-0.008358054715341385
24,24,2.0,22.0,107,0.0,0.00936541064645592,-0.00936541064645592
24,24,2.5,21.5,420,0.016666666666666666,0.010291711168358454,0.006374955498308212
24,24,3.0,21.0,784,0.016581632653061226,0.008982734052491805,0.00759889860056942
24,24,3.5,20.5,517,0.02127659574468085,0.0069261395404624304,0.014350456204218421
24,24,4.0,20.0,248,0.012096774193548387,0.006640708949416191,0.005456065244132196
24,24,4.5,19.5,189,0.0,0.007268543200331962,-0.007268543200331962
24,24,5.0,19.0,115,0.017391304347826087,0.00838868416215455,0.009002620185671537
24,24,5.5,18.5,213,0.018779342723004695,0.009548814672690456,0.009230528050314239
24,24,6.0,18.0,242,0.012396694214876033,0.010255491408576931,0.002141202806299102
24,24,6.5,17.5,239,0.0041841004184100415,0.01062101407715917,-0.006436913658749128
24,24,7.0,17.0,337,0.020771513353115726,0.010782817112911167,0.00998869624020456
24,24,7.5,16.5,230,0.02608695652173913,0.01123918596517037,0.01484777055656876
24,24,8.0,16.0,56,0.05357142857142857,0.012046483734103384,0.04152494483732518
24,24,8.5,15.5,58,0.017241379310344827,0.013217582607641979,0.004023796702702849
24,24,9.0,15.0,109,0.03669724770642202,0.01473824032736442,0.0219590073790576
24,24,9.5,14.5,129,0.046511627906976744,0.015448702925372884,0.03106292498160386
24,24,10.0,14.0,163,0.024539877300613498,0.016337548031022994,0.008202329269590504
24,24,10.5,13.5,108,0.018518518518518517,0.017224983733575863,0.001293534784942655
24,24,11.0,13.0,58,0.06896551724137931,0.018152926280047867,0.05081259096133144
24,24,12.5,11.5,35,0.05714285714285714,0.020969803655340506,0.036173053487516635
24,24,13.0,11.0,59,0.05084745762711865,0.02183172692033713,0.02901573070678152
24,24,13.5,10.5,50,0.02,0.022737506843118437,-0.002737506843118437
24,24,14.0,10.0,79,0.0379746835443038,0.023626509406480024,0.014348174137823775
24,-24,1.0,25.0,218,0.0045871559633027525,0.006410767881266204,-0.001823611917963451
24,-24,1.5,25.5,102,0.0196078431372549,0.007718655108017602,0.011889188029237299
24,-24,2.0,26.0,107,0.0,0.008478398737541078,-0.008478398737541078
24,-24,2.5,26.5,420,0.002380952380952381,0.00785022141591405,-0.0054692690349616695
24,-24,3.0,27.0,784,0.008928571428571428,0.004816589164470262,0.004111982264101166
24,-24,3.5,27.5,517,0.0038684719535783366,0.00209700470280404,0.0017714672507742964
24,-24,4.0,28.0,248,0.008064516129032258,0.001371516329928849,0.006692999799103409
24,-24,4.5,28.5,189,0.0,0.0012508029533915474,-0.0012508029533915474
24,-24,5.0,29.0,115,0.0,0.0012991428737604642,-0.0012991428737604642
24,-24,5.5,29.5,213,0.0,0.001377038595594059,-0.001377038595594059
24,-24,6.0,30.0,242,0.004132231404958678,0.0012604921945006393,0.0028717392104580385
24,-24,6.5,30.5,239,0.0041841004184100415,0.0009857000851135125,0.003198400333296529
24,-24,7.0,31.0,337,0.008902077151335312,0.0006800482134039244,0.008222028937931388
24,-24,7.5,31.5,230,0.004347826086956522,0.0005217747157969909,0.0038260513711595306
24,-24,8.0,32.0,56,0.0,0.000448238543710274,-0.000448238543710274
24,-24,8.5,32.5,58,0.0,0.0004444958124231294,-0.0004444958124231294
24,-24,9.0,33.0,109,0.0,0.0006379406734763119,-0.0006379406734763119
24,-24,9.5,33.5,129,0.0,0.0005208683728219119,-0.0005208683728219119
24,-24,10.0,34.0,163,0.0,0.0004511201631074878,-0.0004511201631074878
24,-24,10.5,34.5,108,0.0,0.0004033390594698146,-0.0004033390594698146
24,-24,11.0,35.0,58,0.0,0.00032555583463637477,-0.00032555583463637477
25,25,1.0,24.0,218,0.0,0.006744380420879594,-0.006744380420879594
25,25,1.5,23.5,102,0.0,0.008138220567908312,-0.008138220567908312
25,25,2.0,23.0,107,0.037383177570093455,0.009144705664150632,0.028238471905942822
25,25,2.5,22.5,420,0.007142857142857143,0.009774645579992773,-0.00263178843713563
25,25,3.0,22.0,784,0.003826530612244898,0.008141711850499639,-0.004315181238254741
25,25,3.5,21.5,517,0.009671179883945842,0.005936596542601386,0.003734583341344456
25,25,4.0,21.0,248,0.004032258064516129,0.0055939256060745625,-0.0015616675415584336
25,25,4.5,20.5,189,0.005291005291005291,0.006152512148482225,-0.0008615068574769347
25,25,5.0,20.0,115,0.017391304347826087,0.007190241145507843,0.010201063202318245
25,25,5.5,19.5,213,0.014084507042253521,0.008290902184193325,0.005793604858060197
25,25,6.0,19.0,242,0.004132231404958678,0.008943646076267981,-0.004811414671309303
25,25,6.5,18.5,239,0.016736401673640166,0.009237062938321655,0.00749933873531851
25,25,7.0,18.0,337,0.02373887240356083,0.009311072092617481,0.01442780031094335
25,25,7.5,17.5,230,0.013043478260869565,0.009687109901729638,0.0033563683591399263
25,25,8.0,17.0,56,0.0,0.010420181555617499,-0.010420181555617499
25,25,8.5,16.5,58,0.0,0.011543632498448777,-0.011543632498448777
25,25,9.0,16.0,109,0.0,0.013116433287944889,-0.013116433287944889
25,25,9.5,15.5,129,0.0,0.01375788136319942,-0.01375788136319942
25,25,10.0,15.0,163,0.006134969325153374,0.014602220215311452,-0.008467250890158078
25,25,10.5,14.5,108,0.0,0.015454879265404682,-0.015454879265404682
25,25,11.0,14.0,58,0.017241379310344827,0.016333927012340786,0.0009074522980040411
25,25,12.5,12.5,35,0.0,0.019118496888223993,-0.019118496888223993
25,25,13.0,12.0,59,0.0,0.02007660025571636,-0.02007660025571636
25,25,13.5,11.5,50,0.0,0.02089803451671002,-0.02089803451671002
25,25,14.0,11.0,79,0.0379746835443038,0.021849496982355113,0.016125186561948685
25,-25,1.0,26.0,218,0.0045871559633027525,0.006102818795933218,-0.0015156628326304655
25,-25,1.5,26.5,102,0.0,0.00751855131983452,-0.00751855131983452
25,-25,2.0,27.0,107,0.009345794392523364,0.00825688095245329,0.0010889134400700745
25,-25,2.5,27.5,420,0.011904761904761904,0.007410791749417927,0.004493970155343977
25,-25,3.0,28.0,784,0.0012755102040816326,0.0043133178603940205,-0.003037807656312388
25,-25,3.5,28.5,517,0.0,0.001732766463948676,-0.001732766463948676
25,-25,4.0,29.0,248,0.0,0.0010910127109076495,-0.0010910127109076495
25,-25,4.5,29.5,189,0.0,0.0009942462036739638,-0.0009942462036739638
25,-25,5.0,30.0,115,0.0,0.001037930171083838,-0.001037930171083838
25,-25,5.5,30.5,213,0.004694835680751174,0.001108861228447477,0.0035859744523036967
25,-25,6.0,31.0,242,0.0,0.0010137485411742424,-0.0010137485411742424
25,-25,6.5,31.5,239,0.0041841004184100415,0.0007820780231682194,0.003402022395241822
25,-25,7.0,32.0,337,0.0,0.0005277566620137149,-0.0005277566620137149
25,-25,7.5,32.5,230,0.004347826086956522,0.00040007607718728794,0.003947750009769234
25,-25,8.0,33.0,56,0.0,0.000341891018948681,-0.000341891018948681
25,-25,8.5,33.5,58,0.0,0.00033967820118958544,-0.00033967820118958544
25,-25,9.0,34.0,109,0.0,0.0005047947143027965,-0.0005047947143027965
25,-25,9.5,34.5,129,0.007751937984496124,0.00040881984959204135,0.007343118134904083
25,-25,10.0,35.0,163,0.0,0.00035184440683804885,-0.00035184440683804885
26,26,1.0,25.0,218,0.0045871559633027525,0.006410767881266204,-0.001823611917963451
26,26,1.5,24.5,102,0.0,0.007925146285432507,-0.007925146285432507
26,26,2.0,24.0,107,0.0,0.008922884982629978,-0.008922884982629978
26,26,2.5,23.5,420,0.0,0.009270548739768862,-0.009270548739768862
26,26,3.0,23.0,784,0.003826530612244898,0.007361075960872807,-0.0035345453486279087
26,26,3.5,22.5,517,0.005802707930367505,0.0050588147968097805,0.0007438931335577246
26,26,4.0,22.0,248,0.004032258064516129,0.004676794979790259,-0.0006445369152741302
26,26,4.5,21.5,189,0.0,0.005168939850755435,-0.005168939850755435
26,26,5.0,21.0,115,0.0,0.006117553333047555,-0.006117553333047555
26,26,5.5,20.5,213,0.004694835680751174,0.007147713008233269,-0.0024528773274820953
26,26,6.0,20.0,242,0.004132231404958678,0.007744737229772883,-0.003612505824814205
26,26,6.5,19.5,239,0.008368200836820083,0.007974063044940286,0.0003941377918797971
26,26,7.0,19.0,337,0.002967359050445104,0.00797586856473314,-0.005008509514288035
26,26,7.5,18.5,230,0.008695652173913044,0.008280163341150512,0.0004154888327625311
26,26,8.0,18.0,56,0.017857142857142856,0.008937822375759793,0.008919320481383063
26,26,8.5,17.5,58,0.0,0.009998897958837375,-0.009998897958837375
26,26,9.0,17.0,109,0.0,0.011589342637605995,-0.011589342637605995
26,26,9.5,16.5,129,0.0,0.012161979616631565,-0.012161979616631565
26,26,10.0,16.0,163,0.018404907975460124,0.012954144524558824,0.0054507634509013
26,26,10.5,15.5,108,0.027777777777777776,0.013763728113728802,0.014014049664048974
26,26,11.0,15.0,58,0.0,0.01458508739585818,-0.01458508739585818
26,26,12.5,13.5,35,0.02857142857142857,0.01729905914924122,0.011272369422187352
26,26,13.0,13.0,59,0.01694915254237288,0.018330783003771337,-0.001381630461398456
26,26,13.5,12.5,50,0.0,0.019065938980793465,-0.019065938980793465
26,26,14.0,12.0,79,0.02531645569620253,0.020058446674693385,0.005258009021509146
26,-26,1.0,27.0,218,0.0045871559633027525,0.005818460346003482,-0.0012313043827007295
26,-26,1.5,27.5,102,0.0,0.007324633420329086,-0.007324633420329086
26,-26,2.0,28.0,107,0.0,0.008036541605823889,-0.008036541605823889
26,-26,2.5,28.5,420,0.004761904761904762,0.006989434212763033,-0.0022275294508582707
26,-26,3.0,29.0,784,0.003826530612244898,0.0038572480424306456,-3.0717430185747685e-05
26,-26,3.5,29.5,517,0.0038684719535783366,0.001425527091027873,0.0024429448625504636
26,-26,4.0,30.0,248,0.0,0.0008621167105300027,-0.0008621167105300027
26,-26,4.5,30.5,189,0.0,0.0007853808822006486,-0.0007853808822006486
26,-26,5.0,31.0,115,0.0,0.0008238478899541044,-0.0008238478899541044
26,-26,5.5,31.5,213,0.0,0.0008871171601629836,-0.0008871171601629836
26,-26,6.0,32.0,242,0.004132231404958678,0.000810152350686415,0.003322079054272263
26,-26,6.5,32.5,239,0.0,0.0006164507233405012,-0.0006164507233405012
26,-26,7.0,33.0,337,0.0,0.00040666916559862847,-0.00040666916559862847
26,-26,7.5,33.5,230,0.004347826086956522,0.00030457850682580356,0.0040432475801307185
26,-26,8.0,34.0,56,0.0,0.0002589190586067464,-0.0002589190586067464
26,-26,8.5,34.5,58,0.017241379310344827,0.000257690389207346,0.016983688921137483
26,-26,9.0,35.0,109,0.0,0.0003972098188523483,-0.0003972098188523483
27,27,1.0,26.0,218,0.009174311926605505,0.006102818795933218,0.003071493130672287
27,27,1.5,25.5,102,0.0,0.007718655108017602,-0.007718655108017602
27,27,2.0,25.0,107,0.0,0.008700584389344545,-0.008700584389344545
27,27,2.5,24.5,420,0.004761904761904762,0.008780976746322444,-0.004019071984417682
27,27,3.0,24.0,784,0.012755102040816327,0.006640077626295641,0.006115024414520686
27,27,3.5,23.5,517,0.0019342359767891683,0.004286561835239025,-0.002352325858449857
27,27,4.0,23.0,248,0.008064516129032258,0.003881088431329688,0.004183427697702569
27,27,4.5,22.5,189,0.005291005291005291,0.0043106702127757805,0.0009803350782295103
27,27,5.0,22.0,115,0.0,0.005166886569371058,-0.005166886569371058
27,27,5.5,21.5,213,0.0,0.006118795256344869,-0.006118795256344869
27,27,6.0,21.0,242,0.012396694214876033,0.0066597018239975435,0.00573699239087849
27,27,6.5,20.5,239,0.0041841004184100415,0.006833227436547249,-0.0026491270181372073
27,27,7.0,20.0,337,0.011869436201780416,0.006777837553767994,0.005091598648012422
27,27,7.5,19.5,230,0.008695652173913044,0.007019365975401312,0.0016762861985117313
27,27,8.0,19.0,56,0.017857142857142856,0.007602508376933722,0.010254634480209135
27,27,8.5,18.5,58,0.0,0.00859008967005701,-0.00859008967005701
27,27,9.0,18.0,109,0.01834862385321101,0.010167191261107137,0.008181432592103874
27,27,9.5,17.5,129,0.015503875968992248,0.01067280171378311,0.004831074255209138
27,27,10.0,17.0,163,0.018404907975460124,0.011407229334980624,0.0069976786404794995
27,27,10.5,16.5,108,0.009259259259259259,0.012167327737694831,-0.002908068478435572
27,27,11.0,16.0,58,0.0,0.012924601331822307,-0.012924601331822307
27,27,12.5,14.5,35,0.08571428571428572,0.015535083534280344,0.07017920218000537
27,27,13.0,14.0,59,0.03389830508474576,0.016617803485227147,0.017280501599518616
27,27,13.5,13.5,50,0.0,0.017267278486958387,-0.017267278486958387
27,27,14.0,13.0,79,0.02531645569620253,0.01828017089716197,0.00703628479904056
27,-27,1.0,28.0,218,0.0045871559633027525,0.005555738195923629,-0.0009685822326208765
27,-27,1.5,28.5,102,0.0,0.007136702889457931,-0.007136702889457931
27,-27,2.0,29.0,107,0.009345794392523364,0.007817848997962592,0.0015279453945607722
27,-27,2.5,29.5,420,0.0,0.006586464612578078,-0.006586464612578078
27,-27,3.0,30.0,784,0.003826530612244898,0.0034451082384060064,0.00038142237383889145
27,-27,3.5,30.5,517,0.0019342359767891683,0.0011678888675891945,0.0007663471091999738
27,-27,4.0,31.0,248,0.0,0.0006767983893347832,-0.0006767983893347832
27,-27,4.5,31.5,189,0.0,0.0006166242592143581,-0.0006166242592143581
27,-27,5.0,32.0,115,0.0,0.0006497385388334904,-0.0006497385388334904
27,-27,5.5,32.5,213,0.0,0.0007051541841743269,-0.0007051541841743269
27,-27,6.0,33.0,242,0.0,0.0006433972444250455,-0.0006433972444250455
27,-27,6.5,33.5,239,0.0,0.0004827522059423918,-0.0004827522059423918
27,-27,7.0,34.0,337,0.0,0.0003111678181489624,-0.0003111678181489624
27,-27,7.5,34.5,230,0.0,0.00023024504857594848,-0.00023024504857594848
27,-27,8.0,35.0,56,0.0,0.000194705023370066,-0.000194705023370066
28,28,1.0,27.0,218,0.01834862385321101,0.005818460346003482,0.012530163507207528
28,28,1.5,26.5,102,0.0,0.00751855131983452,-0.00751855131983452
28,28,2.0,26.0,107,0.009345794392523364,0.008478398737541078,0.0008673956549822854
28,28,2.5,25.5,420,0.002380952380952381,0.008307200371791775,-0.005926247990839394
28,28,3.0,25.0,784,0.006377551020408163,0.005977179944763974,0.00040037107564418976
28,28,3.5,24.5,517,0.009671179883945842,0.003612475255615632,0.006058704628330211
28,28,4.0,24.0,248,0.004032258064516129,0.0031972572731010346,0.0008350007914150943
28,28,4.5,23.5,189,0.005291005291005291,0.0035689052484875264,0.0017221000425177643
28,28,5.0,23.0,115,0.017391304347826087,0.0043324199381740815,0.013058884409652007
28,28,5.5,22.5,213,0.014084507042253521,0.005201390619313062,0.00888311642294046
28,28,6.0,22.0,242,0.008264462809917356,0.0056869814513511915,0.002577481358566164
28,28,6.5,21.5,239,0.008368200836820083,0.005812943310392024,0.002555257526428059
28,28,7.0,21.0,337,0.01483679525222552,0.0057143145469897415,0.009122480705235778
28,28,7.5,20.5,230,0.021739130434782608,0.00590202736430214,0.015837103070480467
28,28,8.0,20.0,56,0.017857142857142856,0.006413269408137816,0.01144387344900504
28,28,8.5,19.5,58,0.0,0.007319758906162722,-0.007319758906162722
28,28,9.0,19.0,109,0.027522935779816515,0.008856663205569909,0.018666272574246606
28,28,9.5,18.5,129,0.031007751937984496,0.009298307569587029,0.021709444368397467
28,28,10.0,18.0,163,0.024539877300613498,0.009971449718608558,0.01456842758200494
28,28,10.5,17.5,108,0.009259259259259259,0.010677489410970978,-0.001418230151711719
28,28,11.0,17.0,58,0.017241379310344827,0.01136661746653137,0.0058747618438134575
28,28,12.5,15.5,35,0.05714285714285714,0.013846533514155655,0.043296323628701484
28,28,13.0,15.0,59,0.0847457627118644,0.014958285866297867,0.06978747684556653
28,28,13.5,14.5,50,0.04,0.01552474854538484,0.02447525145461516
28,28,14.0,14.0,79,0.02531645569620253,0.016538821860040017,0.008777633836162514
28,-28,1.0,29.0,218,0.0045871559633027525,0.005312824325587128,-0.0007256683622843757
28,-28,1.5,29.5,102,0.0,0.006954569448973847,-0.006954569448973847
28,-28,2.0,30.0,107,0.0,0.0076012296838240765,-0.0076012296838240765
28,-28,2.5,30.5,420,0.007142857142857143,0.006202014148949119,0.0009408429939080235
28,-28,3.0,31.0,784,0.00510204081632653,0.003073602488137944,0.002028438328188586
28,-28,3.5,31.5,517,0.0038684719535783366,0.0009530478405466945,0.002915424113031642
28,-28,4.0,32.0,248,0.0,0.0005279091296513039,-0.0005279091296513039
28,-28,4.5,32.5,189,0.0,0.000481271547861496,-0.000481271547861496
28,-28,5.0,33.0,115,0.017391304347826087,0.0005092005912072411,0.016882103756618846
28,-28,5.5,33.5,213,0.004694835680751174,0.0005569465724175312,0.004137889108333643
28,-28,6.0,34.0,242,0.0,0.0005078059436123267,-0.0005078059436123267
28,-28,6.5,34.5,239,0.0041841004184100415,0.00037563273740765467,0.0038084676810023867
28,-28,7.0,35.0,337,0.002967359050445104,0.00023644308728881924,0.0027309159631562848
29,29,1.0,28.0,218,0.01834862385321101,0.005555738195923629,0.012792885657287381
29,29,1.5,27.5,102,0.0,0.007324633420329086,-0.007324633420329086
29,29,2.0,27.0,107,0.0,0.00825688095245329,-0.00825688095245329
29,29,2.5,26.5,420,0.002380952380952381,0.00785022141591405,-0.0054692690349616695
29,29,3.0,26.0,784,0.006377551020408163,0.005370225279161278,0.0010073257412468858
29,29,3.5,25.5,517,0.0019342359767891683,0.003028479568485654,-0.0010942435916964858
29,29,4.0,25.0,248,0.0,0.0026149703629770936,-0.0026149703629770936
29,29,4.5,24.5,189,0.0,0.002933775831958388,-0.002933775831958388
29,29,5.0,24.0,115,0.0,0.0036067632837316825,-0.0036067632837316825
29,29,5.5,23.5,213,0.014084507042253521,0.004390860856097195,0.009693646186156327
29,29,6.0,23.0,242,0.004132231404958678,0.00482293597811905,-0.0006907045731603719
29,29,6.5,22.5,239,0.0041841004184100415,0.0049092458263210546,-0.0007251454079110131
29,29,7.0,22.0,337,0.005934718100890208,0.0047799437336195115,0.0011547743672706964
29,29,7.5,21.5,230,0.004347826086956522,0.004922434200696865,-0.0005746081137403434
29,29,8.0,21.0,56,0.03571428571428571,0.005365736728246585,0.03034854898603913
29,29,8.5,20.5,58,0.0,0.006186825117985238,-0.006186825117985238
29,29,9.0,20.0,109,0.01834862385321101,0.00766117876088113,0.01068744509232988
29,29,9.5,19.5,129,0.015503875968992248,0.008042887831674797,0.007460988137317451
29,29,10.0,19.0,163,0.0,0.008653056240111038,-0.008653056240111038
29,29,10.5,18.5,108,0.009259259259259259,0.00930218934207062,-4.2930082811361986e-05
29,29,11.0,18.0,58,0.0,0.009921300564177697,-0.009921300564177697
29,29,12.5,16.5,35,0.02857142857142857,0.012249541850539086,0.016321886720889484
29,29,13.0,16.0,59,0.01694915254237288,0.013369658219043155,0.0035794943233297266
29,29,13.5,15.5,50,0.0,0.01385738777723009,-0.01385738777723009
29,29,14.0,15.0,79,0.0,0.014855444863753462,-0.014855444863753462
29,-29,1.0,30.0,218,0.0,0.005088020990332527,-0.005088020990332527
29,-29,1.5,30.5,102,0.0,0.0067780536753811,-0.0067780536753811
29,-29,2.0,31.0,107,0.0,0.007387069378938665,-0.007387069378938665
29,-29,2.5,31.5,420,0.002380952380952381,0.005836051705562772,-0.003455099324610391
29,-29,3.0,32.0,784,0.0012755102040816326,0.0027394773394823404,-0.0014639671354007078
29,-29,3.5,32.5,517,0.0,0.0007748400174004805,-0.0007748400174004805
29,-29,4.0,33.0,248,0.0,0.0004091806874060704,-0.0004091806874060704
29,-29,4.5,33.5,189,0.0,0.00037348000188837583,-0.00037348000188837583
29,-29,5.0,34.0,115,0.0,0.00039659267840666914,-0.00039659267840666914
29,-29,5.5,34.5,213,0.0,0.0004371160045233671,-0.0004371160045233671
29,-29,6.0,35.0,242,0.0,0.0003983389784373934,-0.0003983389784373934
30,30,1.0,29.0,218,0.0,0.005312824325587128,-0.005312824325587128
30,30,1.5,28.5,102,0.00980392156862745,0.007136702889457931,0.00266721867916952
30,30,2.0,28.0,107,0.0,0.008036541605823889,-0.008036541605823889
30,30,2.5,27.5,420,0.0,0.007410791749417927,-0.007410791749417927
30,30,3.0,27.0,784,0.003826530612244898,0.004816589164470262,-0.0009900585522253638
30,30,3.5,26.5,517,0.0,0.002526148015825485,-0.002526148015825485
30,30,4.0,26.0,248,0.0,0.0021235784444032287,-0.0021235784444032287
30,30,4.5,25.5,189,0.005291005291005291,0.00239484603424142,0.0028961592567638707
30,30,5.0,25.0,115,0.0,0.002981443792244774,-0.002981443792244774
30,30,5.5,24.5,213,0.014084507042253521,0.003681112659910642,0.01040339438234288
30,30,6.0,24.0,242,0.004132231404958678,0.004062265891274165,6.996551368451242e-05
30,30,6.5,23.5,239,0.008368200836820083,0.004116303078681658,0.004251897758138425
30,30,7.0,23.0,337,0.008902077151335312,0.0039672881903258395,0.004934788961009472
30,30,7.5,22.5,230,0.004347826086956522,0.004072545108136808,0.0002752809788197138
30,30,8.0,22.0,56,0.0,0.00445284588271963,-0.00445284588271963
30,30,8.5,21.5,58,0.017241379310344827,0.005187166811645553,0.012054212498699274
30,30,9.0,21.0,109,0.0,0.006581249295782579,-0.006581249295782579
30,30,9.5,20.5,129,0.007751937984496124,0.00690773294704605,0.0008442050374500741
30,30,10.0,20.0,163,0.0,0.007454893919211333,-0.007454893919211333
30,30,10.5,19.5,108,0.0,0.008045842623979694,-0.008045842623979694
30,30,11.0,19.0,58,0.0,0.008595033460855547,-0.008595033460855547
30,30,12.5,17.5,35,0.0,0.01075637320661117,-0.01075637320661117
30,30,13.0,17.0,59,0.0,0.011866003435489617,-0.011866003435489617
30,30,13.5,16.5,50,0.0,0.012280452843268744,-0.012280452843268744
30,30,14.0,16.0,79,0.012658227848101266,0.013247687694912271,-0.0005894598468110055
30,-30,1.0,31.0,218,0.0,0.0048797614068077635,-0.0048797614068077635
30,-30,1.5,31.5,102,0.0,0.0066069877227409824,-0.0066069877227409824
30,-30,2.0,32.0,107,0.0,0.007175714182179221,-0.007175714182179221
30,-30,2.5,32.5,420,0.002380952380952381,0.005488405535952779,-0.0031074531550003975
30,-30,3.0,33.0,784,0.0,0.0024395737168234786,-0.0024395737168234786
30,-30,3.5,33.5,517,0.0019342359767891683,0.0006277558408729708,0.0013064801359161976
30,-30,4.0,34.0,248,0.004032258064516129,0.0003151929164926103,0.0037170651480235187
30,-30,4.5,34.5,189,0.0,0.00028822608011176405,-0.00028822608011176405
30,-30,5.0,35.0,115,0.0,0.0003070107613071314,-0.0003070107613071314
31,31,1.0,30.0,218,0.0045871559633027525,0.005088020990332527,-0.0005008650270297748
31,31,1.5,29.5,102,0.0,0.006954569448973847,-0.006954569448973847
31,31,2.0,29.0,107,0.0,0.007817848997962592,-0.007817848997962592
31,31,2.5,28.5,420,0.004761904761904762,0.006989434212763033,-0.0022275294508582707
31,31,3.0,28.0,784,0.00510204081632653,0.0043133178603940205,0.0007887229559325097
31,31,3.5,27.5,517,0.01160541586073501,0.00209700470280404,0.00950841115793097
31,31,4.0,27.0,248,0.012096774193548387,0.0017124984079276318,0.010384275785620754
31,31,4.5,26.5,189,0.010582010582010581,0.001941540562483482,0.0086404700195271
31,31,5.0,26.0,115,0.008695652173913044,0.0024473455201125534,0.00624830665380049
31,31,5.5,25.5,213,0.009389671361502348,0.0030650034236255996,0.006324667937876748
31,31,6.0,25.0,242,0.012396694214876033,0.0033984243256188606,0.008998269889257173
31,31,6.5,24.5,239,0.008368200836820083,0.0034268892797033497,0.004941311557116733
31,31,7.0,24.0,337,0.020771513353115726,0.003267416430064805,0.01750409692305092
31,31,7.5,23.5,230,0.004347826086956522,0.003342657707970068,0.0010051683789864536
31,31,8.0,23.0,56,0.017857142857142856,0.0036655291773761297,0.014191613679766726
31,31,8.5,22.5,58,0.0,0.00431423791171243,-0.00431423791171243
31,31,9.0,22.0,109,0.009174311926605505,0.005614885060334726,0.003559426866270779
31,31,9.5,21.5,129,0.007751937984496124,0.005891266353822275,0.0018606716306738486
31,31,10.0,21.0,163,0.024539877300613498,0.0063768017967519575,0.01816307550386154
31,31,10.5,20.5,108,0.018518518518518517,0.006909670777587819,0.011608847740930697
31,31,11.0,20.0,58,0.034482758620689655,0.007390732489810749,0.027092026130878907
31,31,12.5,18.5,35,0.02857142857142857,0.009375533126156235,0.019195895445272337
31,31,13.0,18.0,59,0.03389830508474576,0.010458043777922955,0.023440261306822807
31,31,13.5,17.5,50,0.04,0.010805445052976214,0.029194554947023787
31,31,14.0,17.0,79,0.012658227848101266,0.011729662674988914,0.0009285651731123518
31,-31,1.0,32.0,218,0.0045871559633027525,0.004686607667687975,-9.945170438522243e-05
31,-31,1.5,32.5,102,0.00980392156862745,0.006441214790257459,0.0033627067783699918
31,-31,2.0,33.0,107,0.0,0.0069674720550042335,-0.0069674720550042335
31,-31,2.5,33.5,420,0.004761904761904762,0.005158783978001649,-0.00039687921609688707
31,-31,3.0,34.0,784,0.002551020408163265,0.002170865438939376,0.00038015496922388925
31,-31,3.5,34.5,517,0.0038684719535783366,0.0005069300025096203,0.0033615419510687164
31,-31,4.0,35.0,248,0.0,0.00024131930709501393,-0.00024131930709501393
32,32,1.0,31.0,218,0.0,0.0048797614068077635,-0.0048797614068077635
32,32,1.5,30.5,102,0.0,0.0067780536753811,-0.0067780536753811
32,32,2.0,30.0,107,0.009345794392523364,0.0076012296838240765,0.0017445647086992873
32,32,2.5,29.5,420,0.0,0.006586464612578078,-0.006586464612578078
32,32,3.0,29.0,784,0.0012755102040816326,0.0038572480424306456,-0.0025817378383490132
32,32,3.5,28.5,517,0.0038684719535783366,0.001732766463948676,0.0021357054896296605
32,32,4.0,28.0,248,0.0,0.001371516329928849,-0.001371516329928849
32,32,4.5,27.5,189,0.0,0.0015634911446512022,-0.0015634911446512022
32,32,5.0,27.0,115,0.0,0.001995091151308055,-0.001995091151308055
32,32,5.5,26.5,213,0.004694835680751174,0.002534714286258095,0.002160121394493079
32,32,6.0,26.0,242,0.008264462809917356,0.0028240033759390046,0.0054404594339783514
32,32,6.5,25.5,239,0.0041841004184100415,0.0028328276447784446,0.0013512727736315969
32,32,7.0,25.0,337,0.011869436201780416,0.002670442206143107,0.00919899399563731
32,32,7.5,24.5,230,0.004347826086956522,0.002722020638367148,0.0016258054485893737
32,32,8.0,24.0,56,0.0,0.0029933657276928626,-0.0029933657276928626
32,32,8.5,23.5,58,0.017241379310344827,0.0035596764925052444,0.013681702817839583
32,32,9.0,23.0,109,0.009174311926605505,0.004758030443283963,0.004416281483321542
32,32,9.5,22.5,129,0.0,0.004989612866098046,-0.004989612866098046
32,32,10.0,22.0,163,0.0,0.005416063600767988,-0.005416063600767988
32,32,10.5,21.5,108,0.018518518518518517,0.005892132941622836,0.012626385576895681
32,32,11.0,21.0,58,0.0,0.00630824695998034,-0.00630824695998034
32,32,12.5,19.5,35,0.02857142857142857,0.0081120005624246,0.020459428009003973
32,32,13.0,19.0,59,0.0,0.009153244266907402,-0.009153244266907402
32,32,13.5,18.5,50,0.02,0.009440266281637216,0.010559733718362784
32,32,14.0,18.0,79,0.0,0.010311950525501915,-0.010311950525501915
32,-32,1.0,33.0,218,0.0,0.004507246378933766,-0.004507246378933766
32,-32,1.5,33.5,102,0.0,0.006280587839750293,-0.006280587839750293
32,-32,2.0,34.0,107,0.0,0.006762614500665598,-0.006762614500665598
32,-32,2.5,34.5,420,0.0,0.004846794921725832,-0.004846794921725832
32,-32,3.0,35.0,784,0.0,0.001930486256659135,-0.001930486256659135
33,33,1.0,32.0,218,0.0045871559633027525,0.004686607667687975,-9.945170438522243e-05
33,33,1.5,31.5,102,0.0,0.0066069877227409824,-0.0066069877227409824
33,33,2.0,31.0,107,0.0,0.007387069378938665,-0.007387069378938665
33,33,2.5,30.5,420,0.0,0.006202014148949119,-0.006202014148949119
33,33,3.0,30.0,784,0.0012755102040816326,0.0034451082384060064,-0.002169598034324374
33,33,3.5,29.5,517,0.0,0.001425527091027873,-0.001425527091027873
33,33,4.0,29.0,248,0.0,0.0010910127109076495,-0.0010910127109076495
33,33,4.5,28.5,189,0.010582010582010581,0.0012508029533915474,0.009331207628619035
33,33,5.0,28.0,115,0.0,0.0016153602787791267,-0.0016153602787791267
33,33,5.5,27.5,213,0.0,0.002082080795203287,-0.002082080795203287
33,33,6.0,27.0,242,0.004132231404958678,0.0023310831769342297,0.001801148228024448
33,33,6.5,26.5,239,0.0,0.0023253892254949593,-0.0023253892254949593
33,33,7.0,26.0,337,0.0,0.0021660012124006043,-0.0021660012124006043
33,33,7.5,25.5,230,0.004347826086956522,0.0021993714541550056,0.002148454632801516
33,33,8.0,25.0,56,0.0,0.0024251653271888116,-0.0024251653271888116
33,33,8.5,24.5,58,0.017241379310344827,0.002913878758955864,0.014327500551388964
33,33,9.0,24.0,109,0.0,0.004005003742118402,-0.004005003742118402
33,33,9.5,23.5,129,0.015503875968992248,0.00419707604145652,0.011306799927535728
33,33,10.0,23.0,163,0.006134969325153374,0.004567881828626862,0.0015670874965265126
33,33,10.5,22.5,108,0.0,0.004989391967054361,-0.004989391967054361
33,33,11.0,22.0,58,0.0,0.0053448130383031475,-0.0053448130383031475
33,33,12.5,20.5,35,0.0,0.0069675576870835,-0.0069675576870835
33,33,13.0,20.0,59,0.01694915254237288,0.007956016033089595,0.008993136509283286
33,33,13.5,19.5,50,0.0,0.008189479000876384,-0.008189479000876384
33,33,14.0,19.0,79,0.0,0.00900172928874975,-0.00900172928874975
33,-33,1.0,34.0,218,0.0,0.00434048252423147,-0.00434048252423147
33,-33,1.5,34.5,102,0.0,0.006124967944940766,-0.006124967944940766
33,-33,2.0,35.0,107,0.0,0.006561378391601872,-0.006561378391601872
34,34,1.0,33.0,218,0.0,0.004507246378933766,-0.004507246378933766
34,34,1.5,32.5,102,0.0,0.006441214790257459,-0.006441214790257459
34,34,2.0,32.0,107,0.0,0.007175714182179221,-0.007175714182179221
34,34,2.5,31.5,420,0.002380952380952381,0.005836051705562772,-0.003455099324610391
34,34,3.0,31.0,784,0.002551020408163265,0.003073602488137944,-0.000522582079974679
34,34,3.5,30.5,517,0.005802707930367505,0.0011678888675891945,0.00463481906277831
34,34,4.0,30.0,248,0.004032258064516129,0.0008621167105300027,0.0031701413539861265
34,34,4.5,29.5,189,0.0,0.0009942462036739638,-0.0009942462036739638
34,34,5.0,29.0,115,0.0,0.0012991428737604642,-0.0012991428737604642
34,34,5.5,28.5,213,0.014084507042253521,0.0016988752997431772,0.012385631742510344
34,34,6.0,28.0,242,0.004132231404958678,0.0019115360678745312,0.0022206953370841466
34,34,6.5,27.5,239,0.0,0.001895638633479562,-0.001895638633479562
34,34,7.0,27.0,337,0.008902077151335312,0.0017436548168796237,0.007158422334455688
34,34,7.5,26.5,230,0.013043478260869565,0.0017633892180820645,0.0112800890427875
34,34,8.0,26.0,56,0.0,0.001949470640968146,-0.001949470640968146
34,34,8.5,25.5,58,0.0,0.002366517812147463,-0.002366517812147463
34,34,9.0,25.0,109,0.0,0.0033489219899037986,-0.0033489219899037986
34,34,9.5,24.5,129,0.015503875968992248,0.0035066021627944833,0.011997273806197764
34,34,10.0,24.0,163,0.012269938650306749,0.0038258507451220335,0.008444087905184715
34,34,10.5,23.5,108,0.0,0.004195789413399604,-0.004195789413399604
34,34,11.0,23.0,58,0.0,0.00449553394979422,-0.00449553394979422
34,34,12.5,21.5,35,0.02857142857142857,0.005941189264992387,0.022630239306436185
34,34,13.0,21.0,59,0.01694915254237288,0.00686799826349106,0.010081154278881822
34,34,13.5,20.5,50,0.02,0.0070546442921451055,0.012945355707854895
34,34,14.0,20.0,79,0.012658227848101266,0.007803007297321443,0.004855220550779822
34,-34,1.0,35.0,218,0.0,0.004185232058077447,-0.004185232058077447
35,35,1.0,34.0,218,0.0,0.00434048252423147,-0.00434048252423147
35,35,1.5,33.5,102,0.0,0.006280587839750293,-0.006280587839750293
35,35,2.0,33.0,107,0.0,0.0069674720550042335,-0.0069674720550042335
35,35,2.5,32.5,420,0.002380952380952381,0.005488405535952779,-0.0031074531550003975
35,35,3.0,32.0,784,0.002551020408163265,0.0027394773394823404,-0.00018845693131907528
35,35,3.5,31.5,517,0.007736943907156673,0.0009530478405466945,0.006783896066609979
35,35,4.0,31.0,248,0.0,0.0006767983893347832,-0.0006767983893347832
35,35,4.5,30.5,189,0.0,0.0007853808822006486,-0.0007853808822006486
35,35,5.0,30.0,115,0.008695652173913044,0.001037930171083838,0.007657722002829206
35,35,5.5,29.5,213,0.004694835680751174,0.001377038595594059,0.003317797085157115
35,35,6.0,29.0,242,0.0,0.0015572817171238247,-0.0015572817171238247
35,35,6.5,28.5,239,0.016736401673640166,0.0015347219415549407,0.015201679732085225
35,35,7.0,28.0,337,0.002967359050445104,0.0013932168048525183,0.0015741422455925857
35,35,7.5,27.5,230,0.0,0.00140305760890057,-0.00140305760890057
35,35,8.0,27.0,56,0.0,0.0015549698824771348,-0.0015549698824771348
35,35,8.5,26.5,58,0.0,0.0019069934586163583,-0.0019069934586163583
35,35,9.0,26.0,109,0.0,0.002782095406165858,-0.002782095406165858
35,35,9.5,25.5,129,0.015503875968992248,0.002910212979928361,0.012593662989063887
35,35,10.0,25.0,163,0.012269938650306749,0.003182407908060949,0.0090875307422458
35,35,10.5,24.5,108,0.0,0.0035043072806223226,-0.0035043072806223226
35,35,11.0,24.0,58,0.017241379310344827,0.0037538613939114888,0.013487517916433338
35,35,12.5,22.5,35,0.02857142857142857,0.00502952426303876,0.02354190430838981
35,35,13.0,22.0,59,0.01694915254237288,0.005888396409880202,0.011060756132492678
35,35,13.5,21.5,50,0.02,0.00603471232329637,0.01396528767670363
35,35,14.0,21.0,79,0.05063291139240506,0.006716936687122427,0.043915974705282634
36,36,1.0,35.0,218,0.0,0.004185232058077447,-0.004185232058077447
36,36,1.5,34.5,102,0.0,0.006124967944940766,-0.006124967944940766
36,36,2.0,34.0,107,0.0,0.006762614500665598,-0.006762614500665598
36,36,2.5,33.5,420,0.0,0.005158783978001649,-0.005158783978001649
36,36,3.0,33.0,784,0.0,0.0024395737168234786,-0.0024395737168234786
36,36,3.5,32.5,517,0.0,0.0007748400174004805,-0.0007748400174004805
36,36,4.0,32.0,248,0.0,0.0005279091296513039,-0.0005279091296513039
36,36,4.5,31.5,189,0.0,0.0006166242592143581,-0.0006166242592143581
36,36,5.0,31.0,115,0.0,0.0008238478899541044,-0.0008238478899541044
36,36,5.5,30.5,213,0.0,0.001108861228447477,-0.001108861228447477
36,36,6.0,30.0,242,0.0,0.0012604921945006393,-0.0012604921945006393
36,36,6.5,29.5,239,0.0,0.0012340958250615878,-0.0012340958250615878
36,36,7.0,29.0,337,0.0,0.0011050040143693414,-0.0011050040143693414
36,36,7.5,28.5,230,0.0,0.00110794019159999,-0.00110794019159999
36,36,8.0,28.0,56,0.0,0.0012308187365345242,-0.0012308187365345242
36,36,8.5,27.5,58,0.0,0.0015248056335102436,-0.0015248056335102436
36,36,9.0,27.0,109,0.0,0.0022963802448932357,-0.0022963802448932357
36,36,9.5,26.5,129,0.0,0.0023993941213037513,-0.0023993941213037513
36,36,10.0,26.0,163,0.0,0.002629248439838704,-0.002629248439838704
36,36,10.5,25.5,108,0.009259259259259259,0.0029069987975075206,0.006352260461751738
36,36,11.0,25.0,58,0.0,0.0031120570594929133,-0.0031120570594929133
36,36,12.5,23.5,35,0.0,0.004227294281970917,-0.004227294281970917
36,36,13.0,23.0,59,0.0,0.005014354745610205,-0.005014354745610205
36,36,13.5,22.5,50,0.0,0.005126441567058728,-0.005126441567058728
36,36,14.0,22.0,79,0.012658227848101266,0.005742183130038779,0.006916044718062487
37,37,2.0,35.0,107,0.009345794392523364,0.006561378391601872,0.0027844160009214917
37,37,2.5,34.5,420,0.0,0.004846794921725832,-0.004846794921725832
37,37,3.0,34.0,784,0.003826530612244898,0.002170865438939376,0.001655665173305522
37,37,3.5,33.5,517,0.0038684719535783366,0.0006277558408729708,0.0032407161127053657
37,37,4.0,33.0,248,0.004032258064516129,0.0004091806874060704,0.0036230773771100586
37,37,4.5,32.5,189,0.005291005291005291,0.000481271547861496,0.004809733743143795
37,37,5.0,32.0,115,0.0,0.0006497385388334904,-0.0006497385388334904
37,37,5.5,31.5,213,0.004694835680751174,0.0008871171601629836,0.0038077185205881905
37,37,6.0,31.0,242,0.0,0.0010137485411742424,-0.0010137485411742424
37,37,6.5,30.5,239,0.0,0.0009857000851135125,-0.0009857000851135125
37,37,7.0,30.0,337,0.0,0.0008700155786747651,-0.0008700155786747651
37,37,7.5,29.5,230,0.0,0.0008683739589635088,-0.0008683739589635088
37,37,8.0,29.0,56,0.0,0.0009668755888514509,-0.0009668755888514509
37,37,8.5,28.5,58,0.0,0.0012098495469578313,-0.0012098495469578313
37,37,9.0,28.0,109,0.009174311926605505,0.0018834828968041766,0.0072908290298013285
37,37,9.5,27.5,129,0.015503875968992248,0.001965430739215735,0.013538445229776513
37,37,10.0,27.0,163,0.0,0.0021576909721499346,-0.0021576909721499346
37,37,10.5,26.5,108,0.0,0.002395375309994185,-0.002395375309994185
37,37,11.0,26.0,58,0.017241379310344827,0.0025616176761060635,0.014679761634238763
37,37,12.5,24.5,35,0.0,0.0035277865001857017,-0.0035277865001857017
37,37,13.0,24.0,59,0.0,0.004241342931560048,-0.004241342931560048
37,37,13.5,23.5,50,0.0,0.004324825685902801,-0.004324825685902801
37,37,14.0,23.0,79,0.0,0.004875328143951624,-0.004875328143951624
38,38,3.0,35.0,784,0.00510204081632653,0.001930486256659135,0.003171554559667395
38,38,3.5,34.5,517,0.0019342359767891683,0.0005069300025096203,0.001427305974279548
38,38,4.0,34.0,248,0.0,0.0003151929164926103,-0.0003151929164926103
38,38,4.5,33.5,189,0.005291005291005291,0.00037348000188837583,0.004917525289116915
38,38,5.0,33.0,115,0.0,0.0005092005912072411,-0.0005092005912072411
38,38,5.5,32.5,213,0.0,0.0007051541841743269,-0.0007051541841743269
38,38,6.0,32.0,242,0.008264462809917356,0.000810152350686415,0.00745431045923094
38,38,6.5,31.5,239,0.008368200836820083,0.0007820780231682194,0.007586122813651864
38,38,7.0,31.0,337,0.008902077151335312,0.0006800482134039244,0.008222028937931388
38,38,7.5,30.5,230,0.004347826086956522,0.0006755903440676217,0.0036722357428889
38,38,8.0,30.0,56,0.0,0.0007538580122400743,-0.0007538580122400743
38,38,8.5,29.5,58,0.017241379310344827,0.0009526352023422752,0.016288744108002552
38,38,9.0,29.0,109,0.0,0.0015352118260242797,-0.0015352118260242797
38,38,9.5,28.5,129,0.0,0.001599686207420821,-0.001599686207420821
38,38,10.0,28.0,163,0.0,0.001758988672050671,-0.001758988672050671
38,38,10.5,27.5,108,0.018518518518518517,0.0019607409146519175,0.0165577776038666
38,38,11.0,27.0,58,0.0,0.0020936517697607215,-0.0020936517697607215
38,38,12.5,25.5,35,0.05714285714285714,0.0029232727087017832,0.05421958443415536
38,38,13.0,25.0,59,0.0,0.0035635387079109575,-0.0035635387079109575
38,38,13.5,24.5,50,0.02,0.00362351019620013,0.01637648980379987
38,38,14.0,24.0,79,0.012658227848101266,0.00411128225787188,0.008546945590229386
39,39,4.0,35.0,248,0.0,0.00024131930709501393,-0.00024131930709501393
39,39,4.5,34.5,189,0.0,0.00028822608011176405,-0.00028822608011176405
39,39,5.0,34.0,115,0.0,0.00039659267840666914,-0.00039659267840666914
39,39,5.5,33.5,213,0.0,0.0005569465724175312,-0.0005569465724175312
39,39,6.0,33.0,242,0.0,0.0006433972444250455,-0.0006433972444250455
39,39,6.5,32.5,239,0.0,0.0006164507233405012,-0.0006164507233405012
39,39,7.0,32.0,337,0.0,0.0005277566620137149,-0.0005277566620137149
39,39,7.5,31.5,230,0.0,0.0005217747157969909,-0.0005217747157969909
39,39,8.0,31.0,56,0.0,0.0005834309779706486,-0.0005834309779706486
39,39,8.5,30.5,58,0.0,0.0007444373697859825,-0.0007444373697859825
39,39,9.0,30.0,109,0.0,0.0012436771156178748,-0.0012436771156178748
39,39,9.5,29.5,129,0.0,0.0012938233473758177,-0.0012938233473758177
39,39,10.0,29.0,163,0.006134969325153374,0.0014245827608333236,0.004710386564320051
39,39,10.5,28.5,108,0.0,0.0015944706842110023,-0.0015944706842110023
39,39,11.0,28.0,58,0.0,0.0016992008553709042,-0.0016992008553709042
39,39,12.5,26.5,35,0.0,0.002405400313968093,-0.002405400313968093
39,39,13.0,26.0,59,0.0,0.0029741918741961458,-0.0029741918741961458
39,39,13.5,25.5,50,0.0,0.0030151844953075703,-0.0030151844953075703
39,39,14.0,25.0,79,0.0,0.003443690157567412,-0.003443690157567412
40,40,5.0,35.0,115,0.0,0.0003070107613071314,-0.0003070107613071314
40,40,5.5,34.5,213,0.0,0.0004371160045233671,-0.0004371160045233671
40,40,6.0,34.0,242,0.004132231404958678,0.0005078059436123267,0.003624425461346351
40,40,6.5,33.5,239,0.0,0.0004827522059423918,-0.0004827522059423918
40,40,7.0,33.0,337,0.002967359050445104,0.00040666916559862847,0.0025606898848464753
40,40,7.5,32.5,230,0.0,0.00040007607718728794,-0.00040007607718728794
40,40,8.0,32.0,56,0.017857142857142856,0.000448238543710274,0.01740890431343258
40,40,8.5,31.5,58,0.0,0.0005773844295140628,-0.0005773844295140628
40,40,9.0,31.0,109,0.009174311926605505,0.001001439965140553,0.008172871961464953
40,40,9.5,30.5,129,0.0,0.0010399706024445,-0.0010399706024445
40,40,10.0,30.0,163,0.0,0.0011462992964165494,-0.0011462992964165494
40,40,10.5,29.5,108,0.0,0.0012882319394136596,-0.0012882319394136596
40,40,11.0,29.0,58,0.0,0.001369501931021871,-0.001369501931021871
40,40,12.5,27.5,35,0.0,0.0019655355422446004,-0.0019655355422446004
40,40,13.0,27.0,59,0.0,0.0024659580700411333,-0.0024659580700411333
40,40,13.5,26.5,50,0.02,0.0024919383713315987,0.0175080616286684
40,40,14.0,26.0,79,0.0,0.002865312384188583,-0.002865312384188583
